Executing action: all (aliases: build)
Running cmake in directory /workspace/scratch/5bc736d51023/tangviterbi/build/s3-rf-coexist/native-direct-phy-rs/idf
Executing "cmake -G Ninja -DPYTHON_DEPS_CHECKED=1 -DPYTHON=/workspace/scratch/5bc736d51023/tooling/idf-venv/bin/python -DESP_PLATFORM=1 -DIDF_TARGET=esp32s3 -DSDKCONFIG=/workspace/scratch/5bc736d51023/tangviterbi/build/s3-rf-coexist/native-direct-phy-rs/sdkconfig -DSDKCONFIG_DEFAULTS=sdkconfig.coexist.defaults -DCCACHE_ENABLE=0 /workspace/scratch/5bc736d51023/tangviterbi/build/esp-sdr"...
-- Found Git: /usr/local/bin/git (found version "2.51.1")
-- Minimal build - ON
-- The C compiler identification is GNU 14.2.0
-- The CXX compiler identification is GNU 14.2.0
-- The ASM compiler identification is GNU
-- Found assembler: /workspace/scratch/5bc736d51023/tooling/xtensa-esp-elf/bin/xtensa-esp32s3-elf-gcc
-- Detecting C compiler ABI info
-- Detecting C compiler ABI info - done
-- Check for working C compiler: /workspace/scratch/5bc736d51023/tooling/xtensa-esp-elf/bin/xtensa-esp32s3-elf-gcc - skipped
-- Detecting C compile features
-- Detecting C compile features - done
-- Detecting CXX compiler ABI info
-- Detecting CXX compiler ABI info - done
-- Check for working CXX compiler: /workspace/scratch/5bc736d51023/tooling/xtensa-esp-elf/bin/xtensa-esp32s3-elf-g++ - skipped
-- Detecting CXX compile features
-- Detecting CXX compile features - done
-- Building ESP-IDF components for target esp32s3
"idf_component.yml" file was found for components:
	/workspace/scratch/5bc736d51023/tangviterbi/build/esp-sdr/components/esp-dsp
However, the component manager is not enabled.
-- Project sdkconfig file /workspace/scratch/5bc736d51023/tangviterbi/build/s3-rf-coexist/native-direct-phy-rs/sdkconfig
Loading defaults file /workspace/scratch/5bc736d51023/tangviterbi/build/esp-sdr/sdkconfig.coexist.defaults...
-- Compiler supported targets: xtensa-esp-elf
-- Found Python3: /workspace/scratch/5bc736d51023/tooling/idf-venv/bin/python (found version "3.12.14") found components: Interpreter
-- Performing Test CMAKE_HAVE_LIBC_PTHREAD
-- Performing Test CMAKE_HAVE_LIBC_PTHREAD - Success
-- Found Threads: TRUE
-- Performing Test C_COMPILER_SUPPORTS_WFORMAT_SIGNEDNESS
-- Performing Test C_COMPILER_SUPPORTS_WFORMAT_SIGNEDNESS - Success
-- USING O3
-- App "esp_sdr" version: e74f2a4-dirty
-- Adding linker script /workspace/scratch/5bc736d51023/tangviterbi/build/s3-rf-coexist/native-direct-phy-rs/idf/esp-idf/esp_system/ld/memory.ld
-- Adding linker script /workspace/scratch/5bc736d51023/tangviterbi/build/s3-rf-coexist/native-direct-phy-rs/idf/esp-idf/esp_system/ld/sections.ld.in
-- Adding linker script /workspace/scratch/5bc736d51023/tooling/esp-idf-5.5.1/components/esp_rom/esp32s3/ld/esp32s3.rom.ld
-- Adding linker script /workspace/scratch/5bc736d51023/tooling/esp-idf-5.5.1/components/esp_rom/esp32s3/ld/esp32s3.rom.api.ld
-- Adding linker script /workspace/scratch/5bc736d51023/tooling/esp-idf-5.5.1/components/esp_rom/esp32s3/ld/esp32s3.rom.bt_funcs.ld
-- Adding linker script /workspace/scratch/5bc736d51023/tooling/esp-idf-5.5.1/components/esp_rom/esp32s3/ld/esp32s3.rom.libgcc.ld
-- Adding linker script /workspace/scratch/5bc736d51023/tooling/esp-idf-5.5.1/components/esp_rom/esp32s3/ld/esp32s3.rom.wdt.ld
-- Adding linker script /workspace/scratch/5bc736d51023/tooling/esp-idf-5.5.1/components/esp_rom/esp32s3/ld/esp32s3.rom.version.ld
-- Adding linker script /workspace/scratch/5bc736d51023/tooling/esp-idf-5.5.1/components/esp_rom/esp32s3/ld/esp32s3.rom.ble_master.ld
-- Adding linker script /workspace/scratch/5bc736d51023/tooling/esp-idf-5.5.1/components/esp_rom/esp32s3/ld/esp32s3.rom.ble_50.ld
-- Adding linker script /workspace/scratch/5bc736d51023/tooling/esp-idf-5.5.1/components/esp_rom/esp32s3/ld/esp32s3.rom.ble_smp.ld
-- Adding linker script /workspace/scratch/5bc736d51023/tooling/esp-idf-5.5.1/components/esp_rom/esp32s3/ld/esp32s3.rom.ble_dtm.ld
-- Adding linker script /workspace/scratch/5bc736d51023/tooling/esp-idf-5.5.1/components/esp_rom/esp32s3/ld/esp32s3.rom.ble_test.ld
-- Adding linker script /workspace/scratch/5bc736d51023/tooling/esp-idf-5.5.1/components/esp_rom/esp32s3/ld/esp32s3.rom.ble_scan.ld
-- Adding linker script /workspace/scratch/5bc736d51023/tooling/esp-idf-5.5.1/components/esp_rom/esp32s3/ld/esp32s3.rom.libc.ld
-- Adding linker script /workspace/scratch/5bc736d51023/tooling/esp-idf-5.5.1/components/esp_rom/esp32s3/ld/esp32s3.rom.newlib.ld
-- Adding linker script /workspace/scratch/5bc736d51023/tooling/esp-idf-5.5.1/components/soc/esp32s3/ld/esp32s3.peripherals.ld
Traceback (most recent call last):
  File "/workspace/scratch/5bc736d51023/tooling/esp-idf-5.5.1/components/esp_rom/gen_gdbinit.py", line 72, in <module>
    gdbinit_lines = generate_gdbinit_rom_add_symbols(target)
                    ^^^^^^^^^^^^^^^^^^^^^^^^^^^^^^^^^^^^^^^^
  File "/workspace/scratch/5bc736d51023/tooling/esp-idf-5.5.1/components/esp_rom/gen_gdbinit.py", line 32, in generate_gdbinit_rom_add_symbols
    raise EnvironmentError(
OSError: ESP_ROM_ELF_DIR environment variable is not defined. Please try to run IDF "install" and "export" scripts.
CMake Warning at /workspace/scratch/5bc736d51023/tooling/esp-idf-5.5.1/tools/cmake/gdbinit.cmake:52 (message):
  Error while generating esp_rom gdbinit
Call Stack (most recent call first):
  /workspace/scratch/5bc736d51023/tooling/esp-idf-5.5.1/tools/cmake/project.cmake:356 (__generate_gdbinit)
  /workspace/scratch/5bc736d51023/tooling/esp-idf-5.5.1/tools/cmake/project.cmake:974 (__project_info)
  CMakeLists.txt:21 (project)


-- Components: app_update bootloader bootloader_support cxx efuse esp-dsp esp_app_format esp_bootloader_format esp_coex esp_common esp_driver_gpio esp_driver_spi esp_driver_uart esp_driver_usb_serial_jtag esp_event esp_hw_support esp_mm esp_netif esp_netif_stack esp_partition esp_phy esp_pm esp_psram esp_ringbuf esp_rom esp_security esp_system esp_timer esp_vfs_console esp_wifi esptool_py freertos hal heap log lwip main mbedtls newlib nvs_flash partition_table pthread soc spi_flash vfs wpa_supplicant xtensa
-- Component paths: /workspace/scratch/5bc736d51023/tooling/esp-idf-5.5.1/components/app_update /workspace/scratch/5bc736d51023/tooling/esp-idf-5.5.1/components/bootloader /workspace/scratch/5bc736d51023/tooling/esp-idf-5.5.1/components/bootloader_support /workspace/scratch/5bc736d51023/tooling/esp-idf-5.5.1/components/cxx /workspace/scratch/5bc736d51023/tooling/esp-idf-5.5.1/components/efuse /workspace/scratch/5bc736d51023/tangviterbi/build/esp-sdr/components/esp-dsp /workspace/scratch/5bc736d51023/tooling/esp-idf-5.5.1/components/esp_app_format /workspace/scratch/5bc736d51023/tooling/esp-idf-5.5.1/components/esp_bootloader_format /workspace/scratch/5bc736d51023/tooling/esp-idf-5.5.1/components/esp_coex /workspace/scratch/5bc736d51023/tooling/esp-idf-5.5.1/components/esp_common /workspace/scratch/5bc736d51023/tooling/esp-idf-5.5.1/components/esp_driver_gpio /workspace/scratch/5bc736d51023/tooling/esp-idf-5.5.1/components/esp_driver_spi /workspace/scratch/5bc736d51023/tooling/esp-idf-5.5.1/components/esp_driver_uart /workspace/scratch/5bc736d51023/tooling/esp-idf-5.5.1/components/esp_driver_usb_serial_jtag /workspace/scratch/5bc736d51023/tooling/esp-idf-5.5.1/components/esp_event /workspace/scratch/5bc736d51023/tooling/esp-idf-5.5.1/components/esp_hw_support /workspace/scratch/5bc736d51023/tooling/esp-idf-5.5.1/components/esp_mm /workspace/scratch/5bc736d51023/tooling/esp-idf-5.5.1/components/esp_netif /workspace/scratch/5bc736d51023/tooling/esp-idf-5.5.1/components/esp_netif_stack /workspace/scratch/5bc736d51023/tooling/esp-idf-5.5.1/components/esp_partition /workspace/scratch/5bc736d51023/tooling/esp-idf-5.5.1/components/esp_phy /workspace/scratch/5bc736d51023/tooling/esp-idf-5.5.1/components/esp_pm /workspace/scratch/5bc736d51023/tooling/esp-idf-5.5.1/components/esp_psram /workspace/scratch/5bc736d51023/tooling/esp-idf-5.5.1/components/esp_ringbuf /workspace/scratch/5bc736d51023/tooling/esp-idf-5.5.1/components/esp_rom /workspace/scratch/5bc736d51023/tooling/esp-idf-5.5.1/components/esp_security /workspace/scratch/5bc736d51023/tooling/esp-idf-5.5.1/components/esp_system /workspace/scratch/5bc736d51023/tooling/esp-idf-5.5.1/components/esp_timer /workspace/scratch/5bc736d51023/tooling/esp-idf-5.5.1/components/esp_vfs_console /workspace/scratch/5bc736d51023/tooling/esp-idf-5.5.1/components/esp_wifi /workspace/scratch/5bc736d51023/tooling/esp-idf-5.5.1/components/esptool_py /workspace/scratch/5bc736d51023/tooling/esp-idf-5.5.1/components/freertos /workspace/scratch/5bc736d51023/tooling/esp-idf-5.5.1/components/hal /workspace/scratch/5bc736d51023/tooling/esp-idf-5.5.1/components/heap /workspace/scratch/5bc736d51023/tooling/esp-idf-5.5.1/components/log /workspace/scratch/5bc736d51023/tooling/esp-idf-5.5.1/components/lwip /workspace/scratch/5bc736d51023/tangviterbi/build/esp-sdr/main /workspace/scratch/5bc736d51023/tooling/esp-idf-5.5.1/components/mbedtls /workspace/scratch/5bc736d51023/tooling/esp-idf-5.5.1/components/newlib /workspace/scratch/5bc736d51023/tooling/esp-idf-5.5.1/components/nvs_flash /workspace/scratch/5bc736d51023/tooling/esp-idf-5.5.1/components/partition_table /workspace/scratch/5bc736d51023/tooling/esp-idf-5.5.1/components/pthread /workspace/scratch/5bc736d51023/tooling/esp-idf-5.5.1/components/soc /workspace/scratch/5bc736d51023/tooling/esp-idf-5.5.1/components/spi_flash /workspace/scratch/5bc736d51023/tooling/esp-idf-5.5.1/components/vfs /workspace/scratch/5bc736d51023/tooling/esp-idf-5.5.1/components/wpa_supplicant /workspace/scratch/5bc736d51023/tooling/esp-idf-5.5.1/components/xtensa
-- Configuring done (3.0s)
-- Generating done (0.4s)
-- Build files have been written to: /workspace/scratch/5bc736d51023/tangviterbi/build/s3-rf-coexist/native-direct-phy-rs/idf
Running ninja in directory /workspace/scratch/5bc736d51023/tangviterbi/build/s3-rf-coexist/native-direct-phy-rs/idf
Executing "ninja all"...
[1/983] Generating project_elf_src_esp32s3.c
[2/983] Generating /workspace/scratch/5bc736d51023/tangviterbi/build/s3-rf-coexist/native-direct-phy-rs/idf/esp-idf/esp_system/ld/memory.ld linker script...
[3/983] Generating /workspace/scratch/5bc736d51023/tangviterbi/build/s3-rf-coexist/native-direct-phy-rs/idf/esp-idf/esp_system/ld/sections.ld.in linker script...
[4/983] Building C object esp-idf/mbedtls/mbedtls/3rdparty/everest/CMakeFiles/everest.dir/library/x25519.c.obj
[5/983] Building C object esp-idf/mbedtls/mbedtls/library/CMakeFiles/mbedcrypto.dir/aesni.c.obj
[6/983] cd /workspace/scratch/5bc736d51023/tangviterbi/build/s3-rf-coexist/native-direct-phy-rs/idf/esp-idf/main && /workspace/scratch/5bc736d51023/tooling/idf-venv/bin/python /workspace/scratch/5bc736d51023/tangviterbi/build/esp-sdr/tools/generate_version.py --root /workspace/scratch/5bc736d51023/tangviterbi/build/esp-sdr --profile esp32s3 --output /workspace/scratch/5bc736d51023/tangviterbi/build/s3-rf-coexist/native-direct-phy-rs/idf/esp-idf/main/generated/build_version.h
[7/983] Building C object esp-idf/mbedtls/mbedtls/3rdparty/everest/CMakeFiles/everest.dir/library/everest.c.obj
[8/983] Building C object esp-idf/mbedtls/mbedtls/3rdparty/p256-m/CMakeFiles/p256m.dir/p256-m/p256-m.c.obj
[9/983] Building C object esp-idf/mbedtls/mbedtls/3rdparty/p256-m/CMakeFiles/p256m.dir/p256-m_driver_entrypoints.c.obj
[10/983] Building C object esp-idf/mbedtls/mbedtls/3rdparty/everest/CMakeFiles/everest.dir/library/Hacl_Curve25519_joined.c.obj
[11/983] Building C object esp-idf/mbedtls/mbedtls/library/CMakeFiles/mbedcrypto.dir/aesce.c.obj
[12/983] Building C object esp-idf/mbedtls/mbedtls/library/CMakeFiles/mbedcrypto.dir/block_cipher.c.obj
[13/983] Generating ../../partition_table/partition-table.bin
Partition table binary generated. Contents:
*******************************************************************************
# ESP-IDF Partition Table
# Name, Type, SubType, Offset, Size, Flags
nvs,data,nvs,0x9000,24K,
phy_init,data,phy,0xf000,4K,
factory,app,factory,0x10000,1M,
*******************************************************************************
[14/983] Building C object esp-idf/mbedtls/mbedtls/library/CMakeFiles/mbedcrypto.dir/camellia.c.obj
[15/983] Building C object esp-idf/mbedtls/mbedtls/library/CMakeFiles/mbedcrypto.dir/bignum_mod.c.obj
[16/983] Building C object esp-idf/mbedtls/mbedtls/library/CMakeFiles/mbedcrypto.dir/bignum_mod_raw.c.obj
[17/983] Building C object esp-idf/mbedtls/mbedtls/library/CMakeFiles/mbedcrypto.dir/chacha20.c.obj
[18/983] Building C object esp-idf/mbedtls/mbedtls/library/CMakeFiles/mbedcrypto.dir/base64.c.obj
[19/983] Building C object esp-idf/mbedtls/mbedtls/library/CMakeFiles/mbedcrypto.dir/chachapoly.c.obj
[20/983] Building C object esp-idf/mbedtls/mbedtls/library/CMakeFiles/mbedcrypto.dir/aes.c.obj
[21/983] Building C object esp-idf/mbedtls/mbedtls/library/CMakeFiles/mbedcrypto.dir/cipher_wrap.c.obj
[22/983] Building C object esp-idf/mbedtls/mbedtls/library/CMakeFiles/mbedcrypto.dir/asn1parse.c.obj
[23/983] Building C object esp-idf/mbedtls/mbedtls/library/CMakeFiles/mbedcrypto.dir/ccm.c.obj
[24/983] Building C object esp-idf/mbedtls/mbedtls/library/CMakeFiles/mbedcrypto.dir/aria.c.obj
[25/983] Building C object esp-idf/mbedtls/mbedtls/library/CMakeFiles/mbedcrypto.dir/des.c.obj
[26/983] Building C object esp-idf/mbedtls/mbedtls/library/CMakeFiles/mbedcrypto.dir/constant_time.c.obj
[27/983] Building C object esp-idf/mbedtls/mbedtls/library/CMakeFiles/mbedcrypto.dir/dhm.c.obj
[28/983] Building C object esp-idf/mbedtls/mbedtls/library/CMakeFiles/mbedcrypto.dir/ecjpake.c.obj
[29/983] Building C object esp-idf/mbedtls/mbedtls/library/CMakeFiles/mbedcrypto.dir/cipher.c.obj
[30/983] Building C object esp-idf/mbedtls/mbedtls/library/CMakeFiles/mbedcrypto.dir/ecdh.c.obj
[31/983] Building C object esp-idf/mbedtls/mbedtls/library/CMakeFiles/mbedcrypto.dir/ecp_curves_new.c.obj
[32/983] Building C object esp-idf/mbedtls/mbedtls/library/CMakeFiles/mbedcrypto.dir/ctr_drbg.c.obj
[33/983] Building C object esp-idf/mbedtls/mbedtls/library/CMakeFiles/mbedcrypto.dir/entropy_poll.c.obj
[34/983] Building C object esp-idf/mbedtls/mbedtls/library/CMakeFiles/mbedcrypto.dir/cmac.c.obj
[35/983] Building C object esp-idf/mbedtls/mbedtls/library/CMakeFiles/mbedcrypto.dir/hkdf.c.obj
[36/983] Building C object esp-idf/mbedtls/mbedtls/library/CMakeFiles/mbedcrypto.dir/ecdsa.c.obj
[37/983] Building C object esp-idf/mbedtls/mbedtls/library/CMakeFiles/mbedcrypto.dir/asn1write.c.obj
[38/983] Building C object esp-idf/mbedtls/mbedtls/library/CMakeFiles/mbedcrypto.dir/entropy.c.obj
[39/983] Building C object esp-idf/mbedtls/mbedtls/library/CMakeFiles/mbedcrypto.dir/hmac_drbg.c.obj
[40/983] Building C object esp-idf/mbedtls/mbedtls/library/CMakeFiles/mbedcrypto.dir/md5.c.obj
[41/983] Building C object esp-idf/mbedtls/mbedtls/library/CMakeFiles/mbedcrypto.dir/lmots.c.obj
[42/983] Building C object esp-idf/mbedtls/mbedtls/library/CMakeFiles/mbedcrypto.dir/nist_kw.c.obj
[43/983] Building C object esp-idf/mbedtls/mbedtls/library/CMakeFiles/mbedcrypto.dir/memory_buffer_alloc.c.obj
[44/983] Building C object esp-idf/mbedtls/mbedtls/library/CMakeFiles/mbedcrypto.dir/bignum.c.obj
[45/983] Building C object esp-idf/mbedtls/mbedtls/library/CMakeFiles/mbedcrypto.dir/bignum_core.c.obj
[46/983] Building C object esp-idf/mbedtls/mbedtls/library/CMakeFiles/mbedcrypto.dir/lms.c.obj
[47/983] Building C object esp-idf/mbedtls/mbedtls/library/CMakeFiles/mbedcrypto.dir/padlock.c.obj
[48/983] Building C object esp-idf/mbedtls/mbedtls/library/CMakeFiles/mbedcrypto.dir/md.c.obj
[49/983] Building C object esp-idf/mbedtls/mbedtls/library/CMakeFiles/mbedcrypto.dir/error.c.obj
[50/983] Building C object esp-idf/mbedtls/mbedtls/library/CMakeFiles/mbedcrypto.dir/gcm.c.obj
[51/983] Building C object esp-idf/mbedtls/mbedtls/library/CMakeFiles/mbedcrypto.dir/pk_ecc.c.obj
[52/983] Building C object esp-idf/mbedtls/mbedtls/library/CMakeFiles/mbedcrypto.dir/pem.c.obj
[53/983] Building C object esp-idf/mbedtls/mbedtls/library/CMakeFiles/mbedcrypto.dir/pk_wrap.c.obj
[54/983] Building C object esp-idf/mbedtls/mbedtls/library/CMakeFiles/mbedcrypto.dir/oid.c.obj
[55/983] Building C object esp-idf/mbedtls/mbedtls/library/CMakeFiles/mbedcrypto.dir/platform_util.c.obj
[56/983] Building C object esp-idf/mbedtls/mbedtls/library/CMakeFiles/mbedcrypto.dir/platform.c.obj
[57/983] Building C object esp-idf/mbedtls/mbedtls/library/CMakeFiles/mbedcrypto.dir/poly1305.c.obj
[58/983] Building C object esp-idf/mbedtls/mbedtls/library/CMakeFiles/mbedcrypto.dir/pk.c.obj
[59/983] Building C object esp-idf/mbedtls/mbedtls/library/CMakeFiles/mbedcrypto.dir/pkcs12.c.obj
[60/983] Building C object esp-idf/mbedtls/mbedtls/library/CMakeFiles/mbedcrypto.dir/pkparse.c.obj
[61/983] Building C object esp-idf/mbedtls/mbedtls/library/CMakeFiles/mbedcrypto.dir/pkcs5.c.obj
[62/983] Building C object esp-idf/mbedtls/mbedtls/library/CMakeFiles/mbedcrypto.dir/pkwrite.c.obj
[63/983] Building C object esp-idf/mbedtls/mbedtls/library/CMakeFiles/mbedcrypto.dir/psa_crypto_client.c.obj
[64/983] Building C object esp-idf/mbedtls/mbedtls/library/CMakeFiles/mbedcrypto.dir/psa_crypto_driver_wrappers_no_static.c.obj
[65/983] Building C object esp-idf/mbedtls/mbedtls/library/CMakeFiles/mbedcrypto.dir/psa_crypto_aead.c.obj
[66/983] Building C object esp-idf/mbedtls/mbedtls/library/CMakeFiles/mbedcrypto.dir/psa_crypto_ffdh.c.obj
[67/983] Building C object esp-idf/mbedtls/mbedtls/library/CMakeFiles/mbedcrypto.dir/psa_crypto_se.c.obj
[68/983] Building C object esp-idf/mbedtls/mbedtls/library/CMakeFiles/mbedcrypto.dir/ecp.c.obj
[69/983] Building C object esp-idf/mbedtls/mbedtls/library/CMakeFiles/mbedcrypto.dir/ecp_curves.c.obj
[70/983] Building C object esp-idf/mbedtls/mbedtls/library/CMakeFiles/mbedcrypto.dir/psa_crypto_pake.c.obj
[71/983] Building C object esp-idf/mbedtls/mbedtls/library/CMakeFiles/mbedcrypto.dir/psa_crypto_cipher.c.obj
[72/983] Building C object esp-idf/mbedtls/mbedtls/library/CMakeFiles/mbedcrypto.dir/ripemd160.c.obj
[73/983] Building C object esp-idf/mbedtls/mbedtls/library/CMakeFiles/mbedcrypto.dir/psa_crypto_storage.c.obj
[74/983] Building C object esp-idf/mbedtls/mbedtls/library/CMakeFiles/mbedcrypto.dir/psa_crypto_rsa.c.obj
[75/983] Building C object esp-idf/mbedtls/mbedtls/library/CMakeFiles/mbedcrypto.dir/psa_crypto_hash.c.obj
[76/983] Building C object esp-idf/mbedtls/mbedtls/library/CMakeFiles/mbedcrypto.dir/psa_crypto_mac.c.obj
[77/983] Building C object esp-idf/mbedtls/mbedtls/library/CMakeFiles/mbedcrypto.dir/psa_crypto_ecp.c.obj
[78/983] Building C object esp-idf/mbedtls/mbedtls/library/CMakeFiles/mbedcrypto.dir/sha3.c.obj
[79/983] Building C object esp-idf/mbedtls/mbedtls/library/CMakeFiles/mbedcrypto.dir/psa_its_file.c.obj
[80/983] Building C object esp-idf/mbedtls/mbedtls/library/CMakeFiles/mbedcrypto.dir/sha1.c.obj
[81/983] Building C object esp-idf/mbedtls/mbedtls/library/CMakeFiles/mbedcrypto.dir/timing.c.obj
[82/983] Building C object esp-idf/mbedtls/mbedtls/library/CMakeFiles/mbedcrypto.dir/threading.c.obj
[83/983] Building C object esp-idf/mbedtls/mbedtls/library/CMakeFiles/mbedcrypto.dir/sha512.c.obj
[84/983] Building C object esp-idf/mbedtls/mbedtls/library/CMakeFiles/mbedcrypto.dir/sha256.c.obj
[85/983] Building C object esp-idf/mbedtls/mbedtls/library/CMakeFiles/mbedcrypto.dir/version_features.c.obj
[86/983] Building C object esp-idf/mbedtls/mbedtls/library/CMakeFiles/mbedcrypto.dir/version.c.obj
[87/983] Building C object esp-idf/mbedtls/mbedtls/library/CMakeFiles/mbedcrypto.dir/workspace/scratch/5bc736d51023/tooling/esp-idf-5.5.1/components/mbedtls/port/sha/core/esp_sha_gdma_impl.c.obj
[88/983] Building C object esp-idf/mbedtls/mbedtls/library/CMakeFiles/mbedcrypto.dir/workspace/scratch/5bc736d51023/tooling/esp-idf-5.5.1/components/mbedtls/port/aes/dma/esp_aes_gdma_impl.c.obj
[89/983] Building C object esp-idf/mbedtls/mbedtls/library/CMakeFiles/mbedcrypto.dir/rsa_alt_helpers.c.obj
[90/983] Building C object esp-idf/mbedtls/mbedtls/library/CMakeFiles/mbedcrypto.dir/workspace/scratch/5bc736d51023/tooling/esp-idf-5.5.1/components/mbedtls/port/esp_hardware.c.obj
[91/983] Building C object esp-idf/mbedtls/mbedtls/library/CMakeFiles/mbedcrypto.dir/workspace/scratch/5bc736d51023/tooling/esp-idf-5.5.1/components/mbedtls/port/esp_mem.c.obj
[92/983] Building C object esp-idf/mbedtls/mbedtls/library/CMakeFiles/mbedcrypto.dir/workspace/scratch/5bc736d51023/tooling/esp-idf-5.5.1/components/mbedtls/port/aes/esp_aes_common.c.obj
[93/983] Building C object esp-idf/mbedtls/mbedtls/library/CMakeFiles/mbedcrypto.dir/workspace/scratch/5bc736d51023/tooling/esp-idf-5.5.1/components/mbedtls/port/esp_timing.c.obj
[94/983] Building C object esp-idf/mbedtls/mbedtls/library/CMakeFiles/mbedcrypto.dir/psa_util.c.obj
[95/983] Building C object esp-idf/mbedtls/mbedtls/library/CMakeFiles/mbedcrypto.dir/workspace/scratch/5bc736d51023/tooling/esp-idf-5.5.1/components/mbedtls/port/crypto_shared_gdma/esp_crypto_shared_gdma.c.obj
[96/983] Building C object esp-idf/mbedtls/mbedtls/library/CMakeFiles/mbedcrypto.dir/workspace/scratch/5bc736d51023/tooling/esp-idf-5.5.1/components/mbedtls/port/aes/esp_aes_xts.c.obj
[97/983] Building C object esp-idf/mbedtls/mbedtls/library/CMakeFiles/mbedcrypto.dir/psa_crypto_slot_management.c.obj
[98/983] Building C object esp-idf/mbedtls/mbedtls/library/CMakeFiles/mbedcrypto.dir/workspace/scratch/5bc736d51023/tooling/esp-idf-5.5.1/components/mbedtls/port/sha/esp_sha.c.obj
[99/983] Building C object esp-idf/mbedtls/mbedtls/library/CMakeFiles/mbedcrypto.dir/workspace/scratch/5bc736d51023/tooling/esp-idf-5.5.1/components/mbedtls/port/aes/dma/esp_aes_dma_core.c.obj
[100/983] Building C object esp-idf/mbedtls/mbedtls/library/CMakeFiles/mbedcrypto.dir/workspace/scratch/5bc736d51023/tooling/esp-idf-5.5.1/components/mbedtls/port/aes/dma/esp_aes.c.obj
[101/983] Building C object esp-idf/mbedtls/mbedtls/library/CMakeFiles/mbedcrypto.dir/workspace/scratch/5bc736d51023/tooling/esp-idf-5.5.1/components/mbedtls/port/bignum/bignum_alt.c.obj
[102/983] Building C object esp-idf/mbedtls/mbedtls/library/CMakeFiles/mbedcrypto.dir/workspace/scratch/5bc736d51023/tooling/esp-idf-5.5.1/components/mbedtls/port/esp_ds/esp_rsa_sign_alt.c.obj
[103/983] Building C object esp-idf/mbedtls/mbedtls/library/CMakeFiles/mbedcrypto.dir/workspace/scratch/5bc736d51023/tooling/esp-idf-5.5.1/components/mbedtls/port/md/esp_md.c.obj
[104/983] Building C object esp-idf/mbedtls/mbedtls/library/CMakeFiles/mbedcrypto.dir/workspace/scratch/5bc736d51023/tooling/esp-idf-5.5.1/components/mbedtls/port/esp_ds/esp_ds_common.c.obj
[105/983] Building C object esp-idf/mbedtls/mbedtls/library/CMakeFiles/mbedcrypto.dir/workspace/scratch/5bc736d51023/tooling/esp-idf-5.5.1/components/mbedtls/port/sha/core/esp_sha256.c.obj
[106/983] Building C object esp-idf/mbedtls/mbedtls/library/CMakeFiles/mbedcrypto.dir/workspace/scratch/5bc736d51023/tooling/esp-idf-5.5.1/components/mbedtls/port/sha/core/esp_sha512.c.obj
[107/983] Building C object esp-idf/mbedtls/mbedtls/library/CMakeFiles/mbedcrypto.dir/workspace/scratch/5bc736d51023/tooling/esp-idf-5.5.1/components/mbedtls/port/sha/core/esp_sha1.c.obj
[108/983] Building C object esp-idf/mbedtls/mbedtls/library/CMakeFiles/mbedcrypto.dir/workspace/scratch/5bc736d51023/tooling/esp-idf-5.5.1/components/mbedtls/port/esp_ds/esp_rsa_dec_alt.c.obj
[109/983] Building C object esp-idf/mbedtls/mbedtls/library/CMakeFiles/mbedcrypto.dir/workspace/scratch/5bc736d51023/tooling/esp-idf-5.5.1/components/mbedtls/port/aes/esp_aes_gcm.c.obj
[110/983] Building C object esp-idf/mbedtls/mbedtls/library/CMakeFiles/mbedcrypto.dir/workspace/scratch/5bc736d51023/tooling/esp-idf-5.5.1/components/mbedtls/port/sha/core/sha.c.obj
[111/983] Building C object esp-idf/mbedtls/mbedtls/library/CMakeFiles/mbedcrypto.dir/workspace/scratch/5bc736d51023/tooling/esp-idf-5.5.1/components/mbedtls/port/bignum/esp_bignum.c.obj
[112/983] Building C object esp-idf/mbedtls/mbedtls/library/CMakeFiles/mbedx509.dir/x509_create.c.obj
[113/983] Building C object esp-idf/mbedtls/mbedtls/library/CMakeFiles/mbedx509.dir/pkcs7.c.obj
[114/983] Building C object esp-idf/mbedtls/mbedtls/library/CMakeFiles/mbedx509.dir/x509write.c.obj
[115/983] Building C object esp-idf/mbedtls/mbedtls/library/CMakeFiles/mbedtls.dir/debug.c.obj
[116/983] Building C object esp-idf/mbedtls/mbedtls/library/CMakeFiles/mbedx509.dir/x509_crl.c.obj
[117/983] Building C object esp-idf/mbedtls/mbedtls/library/CMakeFiles/mbedtls.dir/mps_trace.c.obj
[118/983] Building C object esp-idf/mbedtls/mbedtls/library/CMakeFiles/mbedtls.dir/mps_reader.c.obj
[119/983] Building C object esp-idf/mbedtls/mbedtls/library/CMakeFiles/mbedx509.dir/x509write_csr.c.obj
[120/983] Building C object esp-idf/mbedtls/mbedtls/library/CMakeFiles/mbedx509.dir/x509_csr.c.obj
[121/983] Building C object esp-idf/mbedtls/mbedtls/library/CMakeFiles/mbedtls.dir/ssl_cookie.c.obj
[122/983] Building C object esp-idf/mbedtls/mbedtls/library/CMakeFiles/mbedcrypto.dir/rsa.c.obj
[123/983] Building C object esp-idf/mbedtls/mbedtls/library/CMakeFiles/mbedtls.dir/ssl_client.c.obj
[124/983] Building C object esp-idf/mbedtls/mbedtls/library/CMakeFiles/mbedtls.dir/ssl_ciphersuites.c.obj
[125/983] Building C object esp-idf/mbedtls/mbedtls/library/CMakeFiles/mbedtls.dir/ssl_debug_helpers_generated.c.obj
[126/983] Building C object esp-idf/mbedtls/mbedtls/library/CMakeFiles/mbedtls.dir/ssl_cache.c.obj
[127/983] Building C object esp-idf/mbedtls/mbedtls/library/CMakeFiles/mbedx509.dir/x509write_crt.c.obj
[128/983] Building C object esp-idf/mbedtls/mbedtls/library/CMakeFiles/mbedtls.dir/ssl_tls13_keys.c.obj
[129/983] Building C object esp-idf/mbedtls/mbedtls/library/CMakeFiles/mbedtls.dir/ssl_tls13_server.c.obj
[130/983] Building C object esp-idf/mbedtls/mbedtls/library/CMakeFiles/mbedtls.dir/ssl_ticket.c.obj
[131/983] Building C object esp-idf/mbedtls/mbedtls/library/CMakeFiles/mbedtls.dir/ssl_tls13_client.c.obj
[132/983] Building C object esp-idf/mbedtls/mbedtls/library/CMakeFiles/mbedtls.dir/ssl_tls13_generic.c.obj
[133/983] Creating directories for 'bootloader'
[134/983] No download step for 'bootloader'
[135/983] Building C object esp-idf/mbedtls/mbedtls/library/CMakeFiles/mbedtls.dir/workspace/scratch/5bc736d51023/tooling/esp-idf-5.5.1/components/mbedtls/port/esp_platform_time.c.obj
[136/983] Building C object esp-idf/mbedtls/mbedtls/library/CMakeFiles/mbedtls.dir/workspace/scratch/5bc736d51023/tooling/esp-idf-5.5.1/components/mbedtls/port/mbedtls_debug.c.obj
[137/983] No update step for 'bootloader'
[138/983] No patch step for 'bootloader'
[139/983] Building C object esp-idf/mbedtls/mbedtls/library/CMakeFiles/mbedx509.dir/x509.c.obj
[140/983] Building C object esp-idf/esp_bootloader_format/CMakeFiles/__idf_esp_bootloader_format.dir/esp_bootloader_desc.c.obj
[141/983] Building C object esp-idf/mbedtls/mbedtls/library/CMakeFiles/mbedtls.dir/ssl_tls12_client.c.obj
[142/983] Building C object esp-idf/esp_app_format/CMakeFiles/__idf_esp_app_format.dir/esp_app_desc.c.obj
[143/983] Building C object esp-idf/app_update/CMakeFiles/__idf_app_update.dir/esp_ota_app_desc.c.obj
[144/983] Building C object esp-idf/mbedtls/mbedtls/library/CMakeFiles/mbedtls.dir/workspace/scratch/5bc736d51023/tooling/esp-idf-5.5.1/components/mbedtls/port/net_sockets.c.obj
[145/983] Building C object esp-idf/efuse/CMakeFiles/__idf_efuse.dir/esp32s3/esp_efuse_table.c.obj
[146/983] Building C object esp-idf/efuse/CMakeFiles/__idf_efuse.dir/esp32s3/esp_efuse_fields.c.obj
[147/983] Building C object esp-idf/mbedtls/mbedtls/library/CMakeFiles/mbedtls.dir/ssl_tls12_server.c.obj
[148/983] Building C object esp-idf/esp_partition/CMakeFiles/__idf_esp_partition.dir/partition.c.obj
[149/983] Building C object esp-idf/mbedtls/mbedtls/library/CMakeFiles/mbedx509.dir/x509_crt.c.obj
[150/983] Building C object esp-idf/esp_partition/CMakeFiles/__idf_esp_partition.dir/partition_target.c.obj
[151/983] Building C object esp-idf/efuse/CMakeFiles/__idf_efuse.dir/esp32s3/esp_efuse_utility.c.obj
[152/983] Building C object esp-idf/efuse/CMakeFiles/__idf_efuse.dir/esp32s3/esp_efuse_rtc_calib.c.obj
[153/983] Building C object esp-idf/efuse/CMakeFiles/__idf_efuse.dir/src/esp_efuse_startup.c.obj
[154/983] Building C object esp-idf/mbedtls/mbedtls/library/CMakeFiles/mbedtls.dir/ssl_msg.c.obj
[155/983] Building C object esp-idf/efuse/CMakeFiles/__idf_efuse.dir/src/esp_efuse_fields.c.obj
[156/983] Building C object esp-idf/efuse/CMakeFiles/__idf_efuse.dir/src/esp_efuse_api.c.obj
[157/983] Building C object esp-idf/bootloader_support/CMakeFiles/__idf_bootloader_support.dir/src/bootloader_common.c.obj
[158/983] Building C object esp-idf/bootloader_support/CMakeFiles/__idf_bootloader_support.dir/src/bootloader_mem.c.obj
[159/983] Building C object esp-idf/app_update/CMakeFiles/__idf_app_update.dir/esp_ota_ops.c.obj
[160/983] Building C object esp-idf/bootloader_support/CMakeFiles/__idf_bootloader_support.dir/src/bootloader_clock_init.c.obj
[161/983] Building C object esp-idf/bootloader_support/CMakeFiles/__idf_bootloader_support.dir/src/bootloader_random.c.obj
[162/983] Building C object esp-idf/efuse/CMakeFiles/__idf_efuse.dir/src/efuse_controller/keys/with_key_purposes/esp_efuse_api_key.c.obj
[163/983] Building C object esp-idf/efuse/CMakeFiles/__idf_efuse.dir/src/esp_efuse_utility.c.obj
[164/983] Building C object esp-idf/bootloader_support/CMakeFiles/__idf_bootloader_support.dir/src/bootloader_common_loader.c.obj
[165/983] Building C object esp-idf/bootloader_support/CMakeFiles/__idf_bootloader_support.dir/src/bootloader_efuse.c.obj
[166/983] Building C object esp-idf/mbedtls/mbedtls/library/CMakeFiles/mbedtls.dir/ssl_tls.c.obj
[167/983] Building C object esp-idf/bootloader_support/CMakeFiles/__idf_bootloader_support.dir/src/bootloader_random_esp32s3.c.obj
[168/983] Building C object esp-idf/bootloader_support/CMakeFiles/__idf_bootloader_support.dir/src/flash_encrypt.c.obj
[169/983] Building C object esp-idf/bootloader_support/CMakeFiles/__idf_bootloader_support.dir/bootloader_flash/src/bootloader_flash_config_esp32s3.c.obj
[170/983] Building C object esp-idf/bootloader_support/CMakeFiles/__idf_bootloader_support.dir/src/secure_boot.c.obj
[171/983] Building C object esp-idf/bootloader_support/CMakeFiles/__idf_bootloader_support.dir/src/flash_partitions.c.obj
[172/983] Building C object esp-idf/esp_mm/CMakeFiles/__idf_esp_mm.dir/port/esp32s3/ext_mem_layout.c.obj
[173/983] Building C object esp-idf/bootloader_support/CMakeFiles/__idf_bootloader_support.dir/bootloader_flash/src/flash_qio_mode.c.obj
[174/983] Building C object esp-idf/bootloader_support/CMakeFiles/__idf_bootloader_support.dir/src/esp32s3/secure_boot_secure_features.c.obj
[175/983] Building C object esp-idf/bootloader_support/CMakeFiles/__idf_bootloader_support.dir/src/bootloader_sha.c.obj
[176/983] Building C object esp-idf/bootloader_support/CMakeFiles/__idf_bootloader_support.dir/bootloader_flash/src/bootloader_flash.c.obj
[177/983] Building C object esp-idf/esp_mm/CMakeFiles/__idf_esp_mm.dir/esp_cache_utils.c.obj
[178/983] Building C object esp-idf/esp_mm/CMakeFiles/__idf_esp_mm.dir/heap_align_hw.c.obj
[179/983] Building C object esp-idf/bootloader_support/CMakeFiles/__idf_bootloader_support.dir/src/bootloader_utility.c.obj
[180/983] Building C object esp-idf/esp_driver_gpio/CMakeFiles/__idf_esp_driver_gpio.dir/src/gpio_glitch_filter_ops.c.obj
[181/983] Building C object esp-idf/spi_flash/CMakeFiles/__idf_spi_flash.dir/flash_brownout_hook.c.obj
[182/983] Building C object esp-idf/bootloader_support/CMakeFiles/__idf_bootloader_support.dir/src/esp_image_format.c.obj
[183/983] Building C object esp-idf/esp_mm/CMakeFiles/__idf_esp_mm.dir/esp_cache_msync.c.obj
[184/983] Building C object esp-idf/spi_flash/CMakeFiles/__idf_spi_flash.dir/spi_flash_chip_drivers.c.obj
[185/983] Building C object esp-idf/spi_flash/CMakeFiles/__idf_spi_flash.dir/spi_flash_hpm_enable.c.obj
[186/983] Building C object esp-idf/spi_flash/CMakeFiles/__idf_spi_flash.dir/esp32s3/spi_flash_oct_flash_init.c.obj
[187/983] Building C object esp-idf/spi_flash/CMakeFiles/__idf_spi_flash.dir/spi_flash_chip_issi.c.obj
[188/983] Building C object esp-idf/spi_flash/CMakeFiles/__idf_spi_flash.dir/spi_flash_chip_mxic.c.obj
[189/983] Building C object esp-idf/esp_mm/CMakeFiles/__idf_esp_mm.dir/esp_mmu_map.c.obj
[190/983] Building C object esp-idf/spi_flash/CMakeFiles/__idf_spi_flash.dir/spi_flash_chip_gd.c.obj
[191/983] Building C object esp-idf/spi_flash/CMakeFiles/__idf_spi_flash.dir/spi_flash_chip_boya.c.obj
[192/983] Building C object esp-idf/spi_flash/CMakeFiles/__idf_spi_flash.dir/spi_flash_chip_th.c.obj
[193/983] Building C object esp-idf/esp_driver_gpio/CMakeFiles/__idf_esp_driver_gpio.dir/src/rtc_io.c.obj
[194/983] Building C object esp-idf/spi_flash/CMakeFiles/__idf_spi_flash.dir/spi_flash_chip_winbond.c.obj
[195/983] Building C object esp-idf/mbedtls/mbedtls/library/CMakeFiles/mbedcrypto.dir/psa_crypto.c.obj
[196/983] Building C object esp-idf/esp_driver_gpio/CMakeFiles/__idf_esp_driver_gpio.dir/src/gpio_pin_glitch_filter.c.obj
[197/983] Building C object esp-idf/esp_driver_gpio/CMakeFiles/__idf_esp_driver_gpio.dir/src/dedic_gpio.c.obj
[198/983] Building C object esp-idf/spi_flash/CMakeFiles/__idf_spi_flash.dir/memspi_host_driver.c.obj
[199/983] Building C object esp-idf/spi_flash/CMakeFiles/__idf_spi_flash.dir/spi_flash_wrap.c.obj
[200/983] Building C object esp-idf/spi_flash/CMakeFiles/__idf_spi_flash.dir/spi_flash_chip_mxic_opi.c.obj
[201/983] Building C object esp-idf/spi_flash/CMakeFiles/__idf_spi_flash.dir/flash_ops.c.obj
[202/983] Building C object esp-idf/spi_flash/CMakeFiles/__idf_spi_flash.dir/spi_flash_chip_generic.c.obj
[203/983] Building C object esp-idf/spi_flash/CMakeFiles/__idf_spi_flash.dir/cache_utils.c.obj
[204/983] Building C object esp-idf/esp_timer/CMakeFiles/__idf_esp_timer.dir/src/esp_timer_init.c.obj
[205/983] Building C object esp-idf/spi_flash/CMakeFiles/__idf_spi_flash.dir/spi_flash_os_func_noos.c.obj
[206/983] Building C object esp-idf/spi_flash/CMakeFiles/__idf_spi_flash.dir/flash_mmap.c.obj
[207/983] Building C object esp-idf/esp_timer/CMakeFiles/__idf_esp_timer.dir/src/system_time.c.obj
[208/983] Building C object esp-idf/esp_timer/CMakeFiles/__idf_esp_timer.dir/src/esp_timer_impl_common.c.obj
[209/983] Building C object esp-idf/esp_timer/CMakeFiles/__idf_esp_timer.dir/src/ets_timer_legacy.c.obj
[210/983] Building C object esp-idf/spi_flash/CMakeFiles/__idf_spi_flash.dir/spi_flash_os_func_app.c.obj
[211/983] Building C object esp-idf/esp_system/CMakeFiles/__idf_esp_system.dir/esp_err.c.obj
[212/983] Building C object esp-idf/esp_system/CMakeFiles/__idf_esp_system.dir/esp_system_console.c.obj
[213/983] Building C object esp-idf/spi_flash/CMakeFiles/__idf_spi_flash.dir/esp_flash_spi_init.c.obj
[214/983] Building C object esp-idf/esp_system/CMakeFiles/__idf_esp_system.dir/int_wdt.c.obj
[215/983] Building C object esp-idf/esp_timer/CMakeFiles/__idf_esp_timer.dir/src/esp_timer_impl_systimer.c.obj
[216/983] Building C object esp-idf/esp_system/CMakeFiles/__idf_esp_system.dir/crosscore_int.c.obj
[217/983] Building C object esp-idf/esp_system/CMakeFiles/__idf_esp_system.dir/esp_ipc.c.obj
[218/983] Building C object esp-idf/esp_system/CMakeFiles/__idf_esp_system.dir/stack_check.c.obj
[219/983] Building C object esp-idf/esp_system/CMakeFiles/__idf_esp_system.dir/startup.c.obj
[220/983] Building C object esp-idf/esp_system/CMakeFiles/__idf_esp_system.dir/freertos_hooks.c.obj
[221/983] Building C object esp-idf/esp_system/CMakeFiles/__idf_esp_system.dir/system_time.c.obj
[222/983] Building C object esp-idf/esp_system/CMakeFiles/__idf_esp_system.dir/esp_system.c.obj
[223/983] Building C object esp-idf/esp_timer/CMakeFiles/__idf_esp_timer.dir/src/esp_timer.c.obj
[224/983] Building C object esp-idf/esp_system/CMakeFiles/__idf_esp_system.dir/startup_funcs.c.obj
[225/983] Building C object esp-idf/esp_system/CMakeFiles/__idf_esp_system.dir/ubsan.c.obj
[226/983] Building C object esp-idf/spi_flash/CMakeFiles/__idf_spi_flash.dir/esp_flash_api.c.obj
[227/983] Building C object esp-idf/esp_system/CMakeFiles/__idf_esp_system.dir/xt_wdt.c.obj
[228/983] Building C object esp-idf/esp_system/CMakeFiles/__idf_esp_system.dir/port/arch/xtensa/esp_ipc_isr_port.c.obj
[229/983] Building C object esp-idf/esp_system/CMakeFiles/__idf_esp_system.dir/port/esp_system_chip.c.obj
[230/983] Building ASM object esp-idf/esp_system/CMakeFiles/__idf_esp_system.dir/port/arch/xtensa/esp_ipc_isr_handler.S.obj
[231/983] Building ASM object esp-idf/esp_system/CMakeFiles/__idf_esp_system.dir/port/arch/xtensa/esp_ipc_isr_routines.S.obj
[232/983] Building C object esp-idf/esp_system/CMakeFiles/__idf_esp_system.dir/panic.c.obj
[233/983] Building ASM object esp-idf/esp_system/CMakeFiles/__idf_esp_system.dir/port/arch/xtensa/panic_handler_asm.S.obj
[234/983] Building C object esp-idf/esp_system/CMakeFiles/__idf_esp_system.dir/port/esp_ipc_isr.c.obj
[235/983] Building C object esp-idf/esp_system/CMakeFiles/__idf_esp_system.dir/port/image_process.c.obj
[236/983] Building ASM object esp-idf/esp_system/CMakeFiles/__idf_esp_system.dir/port/arch/xtensa/expression_with_stack_asm.S.obj
[237/983] Building ASM object esp-idf/esp_system/CMakeFiles/__idf_esp_system.dir/port/arch/xtensa/debug_helpers_asm.S.obj
[238/983] Building ASM object esp-idf/esp_system/CMakeFiles/__idf_esp_system.dir/port/soc/esp32s3/highint_hdl.S.obj
[239/983] Building C object esp-idf/esp_system/CMakeFiles/__idf_esp_system.dir/port/arch/xtensa/debug_stubs.c.obj
[240/983] Building C object esp-idf/esp_system/CMakeFiles/__idf_esp_system.dir/port/panic_handler.c.obj
[241/983] Building C object esp-idf/esp_system/CMakeFiles/__idf_esp_system.dir/port/arch/xtensa/trax.c.obj
[242/983] Building C object esp-idf/esp_system/CMakeFiles/__idf_esp_system.dir/port/cpu_start.c.obj
[243/983] Building C object esp-idf/esp_system/CMakeFiles/__idf_esp_system.dir/port/arch/xtensa/expression_with_stack.c.obj
[244/983] Building C object esp-idf/esp_system/CMakeFiles/__idf_esp_system.dir/port/soc/esp32s3/reset_reason.c.obj
[245/983] Building C object esp-idf/esp_system/CMakeFiles/__idf_esp_system.dir/port/soc/esp32s3/apb_backup_dma.c.obj
[246/983] Building C object esp-idf/esp_system/CMakeFiles/__idf_esp_system.dir/port/arch/xtensa/debug_helpers.c.obj
[247/983] Building C object esp-idf/esp_rom/CMakeFiles/__idf_esp_rom.dir/patches/esp_rom_crc.c.obj
[248/983] Building C object esp-idf/esp_system/CMakeFiles/__idf_esp_system.dir/port/soc/esp32s3/system_internal.c.obj
[249/983] Building C object esp-idf/esp_system/CMakeFiles/__idf_esp_system.dir/port/soc/esp32s3/cache_err_int.c.obj
[250/983] Building C object esp-idf/esp_driver_gpio/CMakeFiles/__idf_esp_driver_gpio.dir/src/gpio.c.obj
[251/983] Building C object esp-idf/esp_system/CMakeFiles/__idf_esp_system.dir/port/arch/xtensa/panic_arch.c.obj
[252/983] Building C object esp-idf/esp_system/CMakeFiles/__idf_esp_system.dir/port/soc/esp32s3/clk.c.obj
[253/983] Building ASM object esp-idf/esp_rom/CMakeFiles/__idf_esp_rom.dir/patches/esp_rom_longjmp.S.obj
[254/983] Building C object esp-idf/esp_rom/CMakeFiles/__idf_esp_rom.dir/patches/esp_rom_gpio.c.obj
[255/983] Building C object esp-idf/esp_rom/CMakeFiles/__idf_esp_rom.dir/patches/esp_rom_sys.c.obj
[256/983] Building C object esp-idf/esp_rom/CMakeFiles/__idf_esp_rom.dir/patches/esp_rom_uart.c.obj
[257/983] Building C object esp-idf/esp_rom/CMakeFiles/__idf_esp_rom.dir/patches/esp_rom_systimer.c.obj
[258/983] Building C object esp-idf/esp_rom/CMakeFiles/__idf_esp_rom.dir/patches/esp_rom_spiflash.c.obj
[259/983] Building C object esp-idf/esp_rom/CMakeFiles/__idf_esp_rom.dir/patches/esp_rom_efuse.c.obj
[260/983] Building C object esp-idf/esp_rom/CMakeFiles/__idf_esp_rom.dir/patches/esp_rom_wdt.c.obj
[261/983] Building ASM object esp-idf/esp_rom/CMakeFiles/__idf_esp_rom.dir/patches/esp_rom_cache_writeback_esp32s3.S.obj
[262/983] Building C object esp-idf/esp_rom/CMakeFiles/__idf_esp_rom.dir/patches/esp_rom_cache_esp32s2_esp32s3.c.obj
[263/983] Building C object esp-idf/hal/CMakeFiles/__idf_hal.dir/mpu_hal.c.obj
[264/983] Building C object esp-idf/hal/CMakeFiles/__idf_hal.dir/efuse_hal.c.obj
[265/983] Building C object esp-idf/hal/CMakeFiles/__idf_hal.dir/hal_utils.c.obj
[266/983] Building C object esp-idf/hal/CMakeFiles/__idf_hal.dir/color_hal.c.obj
[267/983] Building C object esp-idf/esp_common/CMakeFiles/__idf_esp_common.dir/src/esp_err_to_name.c.obj
[268/983] Building C object esp-idf/hal/CMakeFiles/__idf_hal.dir/esp32s3/efuse_hal.c.obj
[269/983] Building C object esp-idf/hal/CMakeFiles/__idf_hal.dir/cache_hal.c.obj
[270/983] Building C object esp-idf/hal/CMakeFiles/__idf_hal.dir/spi_flash_encrypt_hal_iram.c.obj
[271/983] Building C object esp-idf/hal/CMakeFiles/__idf_hal.dir/mmu_hal.c.obj
[272/983] Building C object esp-idf/hal/CMakeFiles/__idf_hal.dir/systimer_hal.c.obj
[273/983] Building C object esp-idf/esp_rom/CMakeFiles/__idf_esp_rom.dir/patches/esp_rom_print.c.obj
[274/983] Building C object esp-idf/hal/CMakeFiles/__idf_hal.dir/spi_flash_hal.c.obj
[275/983] Building C object esp-idf/hal/CMakeFiles/__idf_hal.dir/uart_hal_iram.c.obj
[276/983] Building C object esp-idf/hal/CMakeFiles/__idf_hal.dir/gpio_hal.c.obj
[277/983] Building C object esp-idf/hal/CMakeFiles/__idf_hal.dir/ledc_hal.c.obj
[278/983] Building C object esp-idf/hal/CMakeFiles/__idf_hal.dir/ledc_hal_iram.c.obj
[279/983] Building C object esp-idf/hal/CMakeFiles/__idf_hal.dir/uart_hal.c.obj
[280/983] Building C object esp-idf/hal/CMakeFiles/__idf_hal.dir/pcnt_hal.c.obj
[281/983] Building C object esp-idf/hal/CMakeFiles/__idf_hal.dir/timer_hal.c.obj
[282/983] Building C object esp-idf/hal/CMakeFiles/__idf_hal.dir/spi_flash_hal_iram.c.obj
[283/983] Building C object esp-idf/hal/CMakeFiles/__idf_hal.dir/esp32s3/clk_tree_hal.c.obj
[284/983] Building C object esp-idf/hal/CMakeFiles/__idf_hal.dir/i2c_hal_iram.c.obj
[285/983] Building C object esp-idf/hal/CMakeFiles/__idf_hal.dir/uhci_hal.c.obj
[286/983] Building C object esp-idf/hal/CMakeFiles/__idf_hal.dir/rtc_io_hal.c.obj
[287/983] Building C object esp-idf/hal/CMakeFiles/__idf_hal.dir/rmt_hal.c.obj
[288/983] Building C object esp-idf/hal/CMakeFiles/__idf_hal.dir/mcpwm_hal.c.obj
[289/983] Building C object esp-idf/hal/CMakeFiles/__idf_hal.dir/sdmmc_hal.c.obj
[290/983] Building C object esp-idf/hal/CMakeFiles/__idf_hal.dir/sdm_hal.c.obj
[291/983] Building C object esp-idf/hal/CMakeFiles/__idf_hal.dir/gdma_hal_top.c.obj
[292/983] Building C object esp-idf/hal/CMakeFiles/__idf_hal.dir/i2c_hal.c.obj
[293/983] Building C object esp-idf/hal/CMakeFiles/__idf_hal.dir/lcd_hal.c.obj
[294/983] Building C object esp-idf/hal/CMakeFiles/__idf_hal.dir/adc_oneshot_hal.c.obj
[295/983] Building C object esp-idf/hal/CMakeFiles/__idf_hal.dir/adc_hal_common.c.obj
[296/983] Building C object esp-idf/hal/CMakeFiles/__idf_hal.dir/gdma_hal_ahb_v1.c.obj
[297/983] Building C object esp-idf/hal/CMakeFiles/__idf_hal.dir/brownout_hal.c.obj
[298/983] Building C object esp-idf/hal/CMakeFiles/__idf_hal.dir/aes_hal.c.obj
[299/983] Building C object esp-idf/hal/CMakeFiles/__idf_hal.dir/adc_hal.c.obj
[300/983] Building C object esp-idf/hal/CMakeFiles/__idf_hal.dir/twai_hal_sja1000.c.obj
[301/983] Building C object esp-idf/hal/CMakeFiles/__idf_hal.dir/spi_hal.c.obj
[302/983] Building C object esp-idf/hal/CMakeFiles/__idf_hal.dir/mpi_hal.c.obj
[303/983] Building C object esp-idf/hal/CMakeFiles/__idf_hal.dir/i2s_hal.c.obj
[304/983] Building C object esp-idf/hal/CMakeFiles/__idf_hal.dir/sha_hal.c.obj
[305/983] Building C object esp-idf/hal/CMakeFiles/__idf_hal.dir/spi_slave_hal_iram.c.obj
[306/983] Building C object esp-idf/hal/CMakeFiles/__idf_hal.dir/hmac_hal.c.obj
[307/983] Building C object esp-idf/hal/CMakeFiles/__idf_hal.dir/spi_slave_hal.c.obj
[308/983] Building C object esp-idf/hal/CMakeFiles/__idf_hal.dir/usb_serial_jtag_hal.c.obj
[309/983] Building C object esp-idf/hal/CMakeFiles/__idf_hal.dir/cam_hal.c.obj
[310/983] Building C object esp-idf/hal/CMakeFiles/__idf_hal.dir/ds_hal.c.obj
[311/983] Building C object esp-idf/hal/CMakeFiles/__idf_hal.dir/usb_wrap_hal.c.obj
[312/983] Building C object esp-idf/hal/CMakeFiles/__idf_hal.dir/xt_wdt_hal.c.obj
[313/983] Building C object esp-idf/log/CMakeFiles/__idf_log.dir/src/os/log_timestamp.c.obj
[314/983] Building C object esp-idf/hal/CMakeFiles/__idf_hal.dir/spi_flash_hal_gpspi.c.obj
[315/983] Building C object esp-idf/hal/CMakeFiles/__idf_hal.dir/touch_sens_hal.c.obj
[316/983] Building C object esp-idf/hal/CMakeFiles/__idf_hal.dir/esp32s3/rtc_cntl_hal.c.obj
[317/983] Building C object esp-idf/hal/CMakeFiles/__idf_hal.dir/touch_sensor_hal.c.obj
[318/983] Building C object esp-idf/log/CMakeFiles/__idf_log.dir/src/util.c.obj
[319/983] Building C object esp-idf/log/CMakeFiles/__idf_log.dir/src/log_timestamp_common.c.obj
[320/983] Building C object esp-idf/hal/CMakeFiles/__idf_hal.dir/esp32s3/touch_sensor_hal.c.obj
[321/983] Building C object esp-idf/log/CMakeFiles/__idf_log.dir/src/os/log_lock.c.obj
[322/983] Building C object esp-idf/hal/CMakeFiles/__idf_hal.dir/spi_slave_hd_hal.c.obj
[323/983] Building C object esp-idf/hal/CMakeFiles/__idf_hal.dir/usb_dwc_hal.c.obj
[324/983] Building C object esp-idf/log/CMakeFiles/__idf_log.dir/src/os/util.c.obj
[325/983] Building C object esp-idf/hal/CMakeFiles/__idf_hal.dir/spi_hal_iram.c.obj
[326/983] Building C object esp-idf/log/CMakeFiles/__idf_log.dir/src/log_format_text.c.obj
[327/983] Building C object esp-idf/log/CMakeFiles/__idf_log.dir/src/log_print.c.obj
[328/983] Building C object esp-idf/log/CMakeFiles/__idf_log.dir/src/log_level/log_level.c.obj
[329/983] Building C object esp-idf/log/CMakeFiles/__idf_log.dir/src/os/log_write.c.obj
[330/983] Building C object esp-idf/log/CMakeFiles/__idf_log.dir/src/buffer/log_buffers.c.obj
[331/983] Building C object esp-idf/log/CMakeFiles/__idf_log.dir/src/log_level/tag_log_level/tag_log_level.c.obj
[332/983] Building C object esp-idf/log/CMakeFiles/__idf_log.dir/src/log.c.obj
[333/983] Building C object esp-idf/log/CMakeFiles/__idf_log.dir/src/log_level/tag_log_level/linked_list/log_linked_list.c.obj
[334/983] Building C object esp-idf/soc/CMakeFiles/__idf_soc.dir/dport_access_common.c.obj
[335/983] Building C object esp-idf/log/CMakeFiles/__idf_log.dir/src/log_level/tag_log_level/cache/log_binary_heap.c.obj
[336/983] Building C object esp-idf/heap/CMakeFiles/__idf_heap.dir/port/esp32s3/memory_layout.c.obj
[337/983] Building C object esp-idf/soc/CMakeFiles/__idf_soc.dir/esp32s3/interrupts.c.obj
[338/983] Building C object esp-idf/soc/CMakeFiles/__idf_soc.dir/esp32s3/adc_periph.c.obj
[339/983] Building C object esp-idf/soc/CMakeFiles/__idf_soc.dir/esp32s3/gpio_periph.c.obj
[340/983] Building C object esp-idf/soc/CMakeFiles/__idf_soc.dir/esp32s3/uart_periph.c.obj
[341/983] Building C object esp-idf/soc/CMakeFiles/__idf_soc.dir/esp32s3/gdma_periph.c.obj
[342/983] Building C object esp-idf/heap/CMakeFiles/__idf_heap.dir/heap_caps_base.c.obj
[343/983] Building C object esp-idf/heap/CMakeFiles/__idf_heap.dir/port/memory_layout_utils.c.obj
[344/983] Building C object esp-idf/soc/CMakeFiles/__idf_soc.dir/lldesc.c.obj
[345/983] Building C object esp-idf/soc/CMakeFiles/__idf_soc.dir/esp32s3/dedic_gpio_periph.c.obj
[346/983] Building C object esp-idf/soc/CMakeFiles/__idf_soc.dir/esp32s3/rmt_periph.c.obj
[347/983] Building C object esp-idf/soc/CMakeFiles/__idf_soc.dir/esp32s3/spi_periph.c.obj
[348/983] Building C object esp-idf/soc/CMakeFiles/__idf_soc.dir/esp32s3/sdm_periph.c.obj
[349/983] Building C object esp-idf/soc/CMakeFiles/__idf_soc.dir/esp32s3/ledc_periph.c.obj
[350/983] Building C object esp-idf/soc/CMakeFiles/__idf_soc.dir/esp32s3/pcnt_periph.c.obj
[351/983] Building C object esp-idf/soc/CMakeFiles/__idf_soc.dir/esp32s3/i2s_periph.c.obj
[352/983] Building C object esp-idf/soc/CMakeFiles/__idf_soc.dir/esp32s3/temperature_sensor_periph.c.obj
[353/983] Building C object esp-idf/soc/CMakeFiles/__idf_soc.dir/esp32s3/i2c_periph.c.obj
[354/983] Building C object esp-idf/soc/CMakeFiles/__idf_soc.dir/esp32s3/lcd_periph.c.obj
[355/983] Building C object esp-idf/soc/CMakeFiles/__idf_soc.dir/esp32s3/timer_periph.c.obj
[356/983] Building C object esp-idf/soc/CMakeFiles/__idf_soc.dir/esp32s3/mcpwm_periph.c.obj
[357/983] Building C object esp-idf/heap/CMakeFiles/__idf_heap.dir/multi_heap.c.obj
[358/983] Building C object esp-idf/soc/CMakeFiles/__idf_soc.dir/esp32s3/touch_sensor_periph.c.obj
[359/983] Building C object esp-idf/soc/CMakeFiles/__idf_soc.dir/esp32s3/sdmmc_periph.c.obj
[360/983] Building C object esp-idf/soc/CMakeFiles/__idf_soc.dir/esp32s3/mpi_periph.c.obj
[361/983] Building C object esp-idf/soc/CMakeFiles/__idf_soc.dir/esp32s3/twai_periph.c.obj
[362/983] Building C object esp-idf/soc/CMakeFiles/__idf_soc.dir/esp32s3/cam_periph.c.obj
[363/983] Building C object esp-idf/soc/CMakeFiles/__idf_soc.dir/esp32s3/wdt_periph.c.obj
[364/983] Building C object esp-idf/soc/CMakeFiles/__idf_soc.dir/esp32s3/usb_dwc_periph.c.obj
[365/983] Building C object esp-idf/soc/CMakeFiles/__idf_soc.dir/esp32s3/power_supply_periph.c.obj
[366/983] Building C object esp-idf/soc/CMakeFiles/__idf_soc.dir/esp32s3/rtc_io_periph.c.obj
[367/983] Building C object esp-idf/heap/CMakeFiles/__idf_heap.dir/heap_caps_init.c.obj
[368/983] Building C object esp-idf/esp_security/CMakeFiles/__idf_esp_security.dir/src/init.c.obj
[369/983] Building C object esp-idf/esp_security/CMakeFiles/__idf_esp_security.dir/src/esp_crypto_lock.c.obj
[370/983] Building C object esp-idf/esp_security/CMakeFiles/__idf_esp_security.dir/src/esp_hmac.c.obj
[371/983] Building C object esp-idf/esp_hw_support/CMakeFiles/__idf_esp_hw_support.dir/port/esp32s3/esp_cpu_intr.c.obj
[372/983] Building C object esp-idf/heap/CMakeFiles/__idf_heap.dir/heap_caps.c.obj
[373/983] Building C object esp-idf/esp_security/CMakeFiles/__idf_esp_security.dir/src/esp_ds.c.obj
[374/983] Building C object esp-idf/esp_hw_support/CMakeFiles/__idf_esp_hw_support.dir/port/esp32s3/cpu_region_protect.c.obj
[375/983] Building C object esp-idf/esp_hw_support/CMakeFiles/__idf_esp_hw_support.dir/esp_memory_utils.c.obj
[376/983] Building C object esp-idf/esp_security/CMakeFiles/__idf_esp_security.dir/src/esp_crypto_periph_clk.c.obj
[377/983] Building C object esp-idf/esp_hw_support/CMakeFiles/__idf_esp_hw_support.dir/cpu.c.obj
[378/983] Building C object esp-idf/esp_hw_support/CMakeFiles/__idf_esp_hw_support.dir/revision.c.obj
[379/983] Building C object esp-idf/esp_hw_support/CMakeFiles/__idf_esp_hw_support.dir/hw_random.c.obj
[380/983] Building C object esp-idf/esp_hw_support/CMakeFiles/__idf_esp_hw_support.dir/esp_gpio_reserve.c.obj
[381/983] Building C object esp-idf/esp_hw_support/CMakeFiles/__idf_esp_hw_support.dir/rtc_module.c.obj
[382/983] Building C object esp-idf/esp_hw_support/CMakeFiles/__idf_esp_hw_support.dir/clk_ctrl_os.c.obj
[383/983] Building C object esp-idf/esp_hw_support/CMakeFiles/__idf_esp_hw_support.dir/mac_addr.c.obj
[384/983] Building C object esp-idf/esp_hw_support/CMakeFiles/__idf_esp_hw_support.dir/esp_clk.c.obj
[385/983] Building C object esp-idf/esp_hw_support/CMakeFiles/__idf_esp_hw_support.dir/periph_ctrl.c.obj
[386/983] Building C object esp-idf/esp_hw_support/CMakeFiles/__idf_esp_hw_support.dir/regi2c_ctrl.c.obj
[387/983] Building C object esp-idf/esp_hw_support/CMakeFiles/__idf_esp_hw_support.dir/port/esp32s3/esp_clk_tree.c.obj
[388/983] Building C object esp-idf/esp_hw_support/CMakeFiles/__idf_esp_hw_support.dir/sar_periph_ctrl_common.c.obj
[389/983] Building C object esp-idf/esp_hw_support/CMakeFiles/__idf_esp_hw_support.dir/port/esp32s3/io_mux.c.obj
[390/983] Building C object esp-idf/esp_hw_support/CMakeFiles/__idf_esp_hw_support.dir/port/esp_clk_tree_common.c.obj
[391/983] Building C object esp-idf/esp_hw_support/CMakeFiles/__idf_esp_hw_support.dir/clk_utils.c.obj
[392/983] Building C object esp-idf/esp_hw_support/CMakeFiles/__idf_esp_hw_support.dir/dma/esp_dma_utils.c.obj
[393/983] Building C object esp-idf/esp_hw_support/CMakeFiles/__idf_esp_hw_support.dir/sleep_modem.c.obj
[394/983] Building C object esp-idf/esp_hw_support/CMakeFiles/__idf_esp_hw_support.dir/adc_share_hw_ctrl.c.obj
[395/983] Building C object esp-idf/esp_hw_support/CMakeFiles/__idf_esp_hw_support.dir/sleep_usb.c.obj
[396/983] Building C object esp-idf/esp_hw_support/CMakeFiles/__idf_esp_hw_support.dir/dma/gdma_link.c.obj
[397/983] Building C object esp-idf/esp_hw_support/CMakeFiles/__idf_esp_hw_support.dir/spi_bus_lock.c.obj
[398/983] Building C object esp-idf/esp_hw_support/CMakeFiles/__idf_esp_hw_support.dir/spi_share_hw_ctrl.c.obj
[399/983] Building C object esp-idf/esp_hw_support/CMakeFiles/__idf_esp_hw_support.dir/intr_alloc.c.obj
[400/983] Building C object esp-idf/esp_hw_support/CMakeFiles/__idf_esp_hw_support.dir/sleep_event.c.obj
[401/983] Building C object esp-idf/esp_hw_support/CMakeFiles/__idf_esp_hw_support.dir/sleep_console.c.obj
[402/983] Building C object esp-idf/esp_hw_support/CMakeFiles/__idf_esp_hw_support.dir/dma/esp_async_memcpy.c.obj
[403/983] Building C object esp-idf/esp_hw_support/CMakeFiles/__idf_esp_hw_support.dir/port/esp32s3/systimer.c.obj
[404/983] Building C object esp-idf/esp_hw_support/CMakeFiles/__idf_esp_hw_support.dir/deprecated/gdma_legacy.c.obj
[405/983] Building C object esp-idf/esp_hw_support/CMakeFiles/__idf_esp_hw_support.dir/esp_clock_output.c.obj
[406/983] Building C object esp-idf/esp_hw_support/CMakeFiles/__idf_esp_hw_support.dir/mspi_timing_tuning/mspi_timing_tuning.c.obj
[407/983] Building C object esp-idf/esp_hw_support/CMakeFiles/__idf_esp_hw_support.dir/sleep_wake_stub.c.obj
[408/983] Building C object esp-idf/esp_hw_support/CMakeFiles/__idf_esp_hw_support.dir/sleep_gpio.c.obj
[409/983] Building C object esp-idf/esp_hw_support/CMakeFiles/__idf_esp_hw_support.dir/port/esp32s3/rtc_clk_init.c.obj
[410/983] Building C object esp-idf/esp_hw_support/CMakeFiles/__idf_esp_hw_support.dir/power_supply/brownout.c.obj
[411/983] Building C object esp-idf/esp_hw_support/CMakeFiles/__idf_esp_hw_support.dir/dma/async_memcpy_gdma.c.obj
[412/983] Building C object esp-idf/heap/CMakeFiles/__idf_heap.dir/tlsf/tlsf.c.obj
[413/983] Building C object esp-idf/esp_hw_support/CMakeFiles/__idf_esp_hw_support.dir/port/esp32s3/chip_info.c.obj
[414/983] Building C object esp-idf/esp_hw_support/CMakeFiles/__idf_esp_hw_support.dir/port/esp32s3/rtc_init.c.obj
[415/983] Building C object esp-idf/esp_hw_support/CMakeFiles/__idf_esp_hw_support.dir/port/esp_memprot_conv.c.obj
[416/983] Building C object esp-idf/esp_hw_support/CMakeFiles/__idf_esp_hw_support.dir/mspi_timing_tuning/port/esp32s3/mspi_timing_config.c.obj
[417/983] Building C object esp-idf/esp_hw_support/CMakeFiles/__idf_esp_hw_support.dir/port/esp32s3/rtc_time.c.obj
[418/983] Building C object esp-idf/esp_hw_support/CMakeFiles/__idf_esp_hw_support.dir/port/esp32s3/rtc_clk.c.obj
[419/983] Performing configure step for 'bootloader'
-- Found Git: /usr/local/bin/git (found version "2.51.1")
-- Minimal build - OFF
-- The C compiler identification is GNU 14.2.0
-- The CXX compiler identification is GNU 14.2.0
-- The ASM compiler identification is GNU
-- Found assembler: /workspace/scratch/5bc736d51023/tooling/xtensa-esp-elf/bin/xtensa-esp32s3-elf-gcc
-- Detecting C compiler ABI info
-- Detecting C compiler ABI info - done
-- Check for working C compiler: /workspace/scratch/5bc736d51023/tooling/xtensa-esp-elf/bin/xtensa-esp32s3-elf-gcc - skipped
-- Detecting C compile features
-- Detecting C compile features - done
-- Detecting CXX compiler ABI info
-- Detecting CXX compiler ABI info - done
-- Check for working CXX compiler: /workspace/scratch/5bc736d51023/tooling/xtensa-esp-elf/bin/xtensa-esp32s3-elf-g++ - skipped
-- Detecting CXX compile features
-- Detecting CXX compile features - done
-- Building ESP-IDF components for target esp32s3
-- Project sdkconfig file /workspace/scratch/5bc736d51023/tangviterbi/build/s3-rf-coexist/native-direct-phy-rs/sdkconfig
-- Compiler supported targets: xtensa-esp-elf
-- Adding linker script /workspace/scratch/5bc736d51023/tooling/esp-idf-5.5.1/components/soc/esp32s3/ld/esp32s3.peripherals.ld
-- Bootloader project name: "bootloader" version: 1
-- Adding linker script /workspace/scratch/5bc736d51023/tooling/esp-idf-5.5.1/components/esp_rom/esp32s3/ld/esp32s3.rom.ld
-- Adding linker script /workspace/scratch/5bc736d51023/tooling/esp-idf-5.5.1/components/esp_rom/esp32s3/ld/esp32s3.rom.api.ld
-- Adding linker script /workspace/scratch/5bc736d51023/tooling/esp-idf-5.5.1/components/esp_rom/esp32s3/ld/esp32s3.rom.bt_funcs.ld
-- Adding linker script /workspace/scratch/5bc736d51023/tooling/esp-idf-5.5.1/components/esp_rom/esp32s3/ld/esp32s3.rom.libgcc.ld
-- Adding linker script /workspace/scratch/5bc736d51023/tooling/esp-idf-5.5.1/components/esp_rom/esp32s3/ld/esp32s3.rom.wdt.ld
-- Adding linker script /workspace/scratch/5bc736d51023/tooling/esp-idf-5.5.1/components/esp_rom/esp32s3/ld/esp32s3.rom.version.ld
-- Adding linker script /workspace/scratch/5bc736d51023/tooling/esp-idf-5.5.1/components/esp_rom/esp32s3/ld/esp32s3.rom.libc.ld
-- Adding linker script /workspace/scratch/5bc736d51023/tooling/esp-idf-5.5.1/components/esp_rom/esp32s3/ld/esp32s3.rom.newlib.ld
-- Adding linker script /workspace/scratch/5bc736d51023/tooling/esp-idf-5.5.1/components/bootloader/subproject/main/ld/esp32s3/bootloader.ld
-- Adding linker script /workspace/scratch/5bc736d51023/tooling/esp-idf-5.5.1/components/bootloader/subproject/main/ld/esp32s3/bootloader.rom.ld
Traceback (most recent call last):
  File "/workspace/scratch/5bc736d51023/tooling/esp-idf-5.5.1/components/esp_rom/gen_gdbinit.py", line 72, in <module>
    gdbinit_lines = generate_gdbinit_rom_add_symbols(target)
                    ^^^^^^^^^^^^^^^^^^^^^^^^^^^^^^^^^^^^^^^^
  File "/workspace/scratch/5bc736d51023/tooling/esp-idf-5.5.1/components/esp_rom/gen_gdbinit.py", line 32, in generate_gdbinit_rom_add_symbols
    raise EnvironmentError(
OSError: ESP_ROM_ELF_DIR environment variable is not defined. Please try to run IDF "install" and "export" scripts.
CMake Warning at /workspace/scratch/5bc736d51023/tooling/esp-idf-5.5.1/tools/cmake/gdbinit.cmake:52 (message):
  Error while generating esp_rom gdbinit
Call Stack (most recent call first):
  /workspace/scratch/5bc736d51023/tooling/esp-idf-5.5.1/tools/cmake/project.cmake:356 (__generate_gdbinit)
  /workspace/scratch/5bc736d51023/tooling/esp-idf-5.5.1/tools/cmake/project.cmake:974 (__project_info)
  CMakeLists.txt:72 (project)


-- Components: bootloader bootloader_support efuse esp_app_format esp_bootloader_format esp_common esp_hw_support esp_rom esp_security esp_system esptool_py freertos hal log main micro-ecc newlib partition_table soc spi_flash xtensa
-- Component paths: /workspace/scratch/5bc736d51023/tooling/esp-idf-5.5.1/components/bootloader /workspace/scratch/5bc736d51023/tooling/esp-idf-5.5.1/components/bootloader_support /workspace/scratch/5bc736d51023/tooling/esp-idf-5.5.1/components/efuse /workspace/scratch/5bc736d51023/tooling/esp-idf-5.5.1/components/esp_app_format /workspace/scratch/5bc736d51023/tooling/esp-idf-5.5.1/components/esp_bootloader_format /workspace/scratch/5bc736d51023/tooling/esp-idf-5.5.1/components/esp_common /workspace/scratch/5bc736d51023/tooling/esp-idf-5.5.1/components/esp_hw_support /workspace/scratch/5bc736d51023/tooling/esp-idf-5.5.1/components/esp_rom /workspace/scratch/5bc736d51023/tooling/esp-idf-5.5.1/components/esp_security /workspace/scratch/5bc736d51023/tooling/esp-idf-5.5.1/components/esp_system /workspace/scratch/5bc736d51023/tooling/esp-idf-5.5.1/components/esptool_py /workspace/scratch/5bc736d51023/tooling/esp-idf-5.5.1/components/freertos /workspace/scratch/5bc736d51023/tooling/esp-idf-5.5.1/components/hal /workspace/scratch/5bc736d51023/tooling/esp-idf-5.5.1/components/log /workspace/scratch/5bc736d51023/tooling/esp-idf-5.5.1/components/bootloader/subproject/main /workspace/scratch/5bc736d51023/tooling/esp-idf-5.5.1/components/bootloader/subproject/components/micro-ecc /workspace/scratch/5bc736d51023/tooling/esp-idf-5.5.1/components/newlib /workspace/scratch/5bc736d51023/tooling/esp-idf-5.5.1/components/partition_table /workspace/scratch/5bc736d51023/tooling/esp-idf-5.5.1/components/soc /workspace/scratch/5bc736d51023/tooling/esp-idf-5.5.1/components/spi_flash /workspace/scratch/5bc736d51023/tooling/esp-idf-5.5.1/components/xtensa
-- Configuring done (2.5s)
-- Generating done (0.2s)
-- Build files have been written to: /workspace/scratch/5bc736d51023/tangviterbi/build/s3-rf-coexist/native-direct-phy-rs/idf/bootloader
[420/983] Building C object esp-idf/esp_hw_support/CMakeFiles/__idf_esp_hw_support.dir/port/esp32s3/rtc_sleep.c.obj
[421/983] Building C object esp-idf/esp_hw_support/CMakeFiles/__idf_esp_hw_support.dir/dma/gdma.c.obj
[422/983] Building C object esp-idf/freertos/CMakeFiles/__idf_freertos.dir/heap_idf.c.obj
[423/983] Building C object esp-idf/freertos/CMakeFiles/__idf_freertos.dir/port_common.c.obj
[424/983] Building C object esp-idf/freertos/CMakeFiles/__idf_freertos.dir/app_startup.c.obj
[425/983] Building C object esp-idf/freertos/CMakeFiles/__idf_freertos.dir/FreeRTOS-Kernel/list.c.obj
[426/983] Building C object esp-idf/esp_hw_support/CMakeFiles/__idf_esp_hw_support.dir/port/esp32s3/sar_periph_ctrl.c.obj
[427/983] Building C object esp-idf/esp_hw_support/CMakeFiles/__idf_esp_hw_support.dir/lowpower/port/esp32s3/sleep_cpu.c.obj
[428/983] Building C object esp-idf/freertos/CMakeFiles/__idf_freertos.dir/port_systick.c.obj
[429/983] Building C object esp-idf/esp_hw_support/CMakeFiles/__idf_esp_hw_support.dir/sleep_modes.c.obj
[430/983] Building C object esp-idf/freertos/CMakeFiles/__idf_freertos.dir/FreeRTOS-Kernel/portable/xtensa/xtensa_init.c.obj
[431/983] Building C object esp-idf/esp_hw_support/CMakeFiles/__idf_esp_hw_support.dir/mspi_timing_tuning/port/esp32s3/mspi_timing_by_mspi_delay.c.obj
[432/983] Building ASM object esp-idf/freertos/CMakeFiles/__idf_freertos.dir/FreeRTOS-Kernel/portable/xtensa/portasm.S.obj
[433/983] Building C object esp-idf/freertos/CMakeFiles/__idf_freertos.dir/FreeRTOS-Kernel/portable/xtensa/xtensa_overlay_os_hook.c.obj
[434/983] Building C object esp-idf/freertos/CMakeFiles/__idf_freertos.dir/esp_additions/freertos_compatibility.c.obj
[435/983] Building C object esp-idf/freertos/CMakeFiles/__idf_freertos.dir/esp_additions/idf_additions_event_groups.c.obj
[436/983] Building C object esp-idf/newlib/CMakeFiles/__idf_newlib.dir/src/init.c.obj
[437/983] Building C object esp-idf/newlib/CMakeFiles/__idf_newlib.dir/src/abort.c.obj
[438/983] Building C object esp-idf/freertos/CMakeFiles/__idf_freertos.dir/esp_additions/idf_additions.c.obj
[439/983] Building C object esp-idf/newlib/CMakeFiles/__idf_newlib.dir/src/assert.c.obj
[440/983] Building C object esp-idf/freertos/CMakeFiles/__idf_freertos.dir/FreeRTOS-Kernel/queue.c.obj
[441/983] Building C object esp-idf/freertos/CMakeFiles/__idf_freertos.dir/FreeRTOS-Kernel/event_groups.c.obj
[442/983] Building C object esp-idf/newlib/CMakeFiles/__idf_newlib.dir/src/heap.c.obj
[443/983] Building C object esp-idf/freertos/CMakeFiles/__idf_freertos.dir/FreeRTOS-Kernel/stream_buffer.c.obj
[444/983] Building C object esp-idf/newlib/CMakeFiles/__idf_newlib.dir/src/random.c.obj
[445/983] Building C object esp-idf/newlib/CMakeFiles/__idf_newlib.dir/src/pthread.c.obj
[446/983] Building C object esp-idf/newlib/CMakeFiles/__idf_newlib.dir/src/getentropy.c.obj
[447/983] Building C object esp-idf/freertos/CMakeFiles/__idf_freertos.dir/FreeRTOS-Kernel/portable/xtensa/port.c.obj
[448/983] Building C object esp-idf/freertos/CMakeFiles/__idf_freertos.dir/FreeRTOS-Kernel/timers.c.obj
[449/983] Building C object esp-idf/newlib/CMakeFiles/__idf_newlib.dir/src/poll.c.obj
[450/983] Building C object esp-idf/newlib/CMakeFiles/__idf_newlib.dir/src/termios.c.obj
[451/983] Building C object esp-idf/newlib/CMakeFiles/__idf_newlib.dir/src/sysconf.c.obj
[452/983] Building C object esp-idf/newlib/CMakeFiles/__idf_newlib.dir/src/realpath.c.obj
[453/983] Building C object esp-idf/newlib/CMakeFiles/__idf_newlib.dir/src/syscalls.c.obj
[454/983] Building C object esp-idf/newlib/CMakeFiles/__idf_newlib.dir/src/scandir.c.obj
[455/983] Building C object esp-idf/newlib/CMakeFiles/__idf_newlib.dir/src/locks.c.obj
[456/983] Building C object esp-idf/newlib/CMakeFiles/__idf_newlib.dir/src/reent_syscalls.c.obj
[457/983] Building C object esp-idf/newlib/CMakeFiles/__idf_newlib.dir/src/time.c.obj
[458/983] Building C object esp-idf/newlib/CMakeFiles/__idf_newlib.dir/src/flockfile.c.obj
[459/983] Building C object esp-idf/newlib/CMakeFiles/__idf_newlib.dir/src/reent_init.c.obj
[460/983] Building C object esp-idf/newlib/CMakeFiles/__idf_newlib.dir/src/port/esp_time_impl.c.obj
[461/983] Building C object esp-idf/newlib/CMakeFiles/__idf_newlib.dir/src/newlib_init.c.obj
[462/983] Building C object esp-idf/pthread/CMakeFiles/__idf_pthread.dir/pthread_semaphore.c.obj
[463/983] Building C object esp-idf/pthread/CMakeFiles/__idf_pthread.dir/pthread_cond_var.c.obj
[464/983] Building C object esp-idf/pthread/CMakeFiles/__idf_pthread.dir/pthread_rwlock.c.obj
[465/983] Building C object esp-idf/newlib/CMakeFiles/__idf_newlib.dir/src/port/xtensa/stdatomic_s32c1i.c.obj
[466/983] Building C object esp-idf/pthread/CMakeFiles/__idf_pthread.dir/pthread_local_storage.c.obj
[467/983] Building CXX object esp-idf/cxx/CMakeFiles/__idf_cxx.dir/cxx_exception_stubs.cpp.obj
[468/983] Building C object esp-idf/esp_pm/CMakeFiles/__idf_esp_pm.dir/pm_locks.c.obj
[469/983] Building CXX object esp-idf/cxx/CMakeFiles/__idf_cxx.dir/cxx_init.cpp.obj
[470/983] Building C object esp-idf/esp_pm/CMakeFiles/__idf_esp_pm.dir/pm_trace.c.obj
[471/983] Building C object esp-idf/esp_psram/CMakeFiles/__idf_esp_psram.dir/xip_impl/mmu_psram_flash.c.obj
[472/983] Building C object esp-idf/esp_hw_support/CMakeFiles/__idf_esp_hw_support.dir/port/esp32s3/esp_memprot.c.obj
[473/983] Building C object esp-idf/pthread/CMakeFiles/__idf_pthread.dir/pthread.c.obj
[474/983] Building C object esp-idf/esp_psram/CMakeFiles/__idf_esp_psram.dir/system_layer/esp_psram.c.obj
[475/983] Building C object esp-idf/esp_psram/CMakeFiles/__idf_esp_psram.dir/esp32s3/esp_psram_impl_octal.c.obj
[476/983] Building C object esp-idf/esp_pm/CMakeFiles/__idf_esp_pm.dir/pm_impl.c.obj
[477/983] Building C object esp-idf/newlib/CMakeFiles/__idf_newlib.dir/src/stdatomic.c.obj
[478/983] Building CXX object esp-idf/cxx/CMakeFiles/__idf_cxx.dir/cxx_guards.cpp.obj
[479/983] Building C object esp-idf/freertos/CMakeFiles/__idf_freertos.dir/FreeRTOS-Kernel/tasks.c.obj
[480/983] Performing build step for 'bootloader'
[1/123] Generating project_elf_src_esp32s3.c
[2/123] Building C object esp-idf/soc/CMakeFiles/__idf_soc.dir/lldesc.c.obj
[3/123] Building C object esp-idf/xtensa/CMakeFiles/__idf_xtensa.dir/eri.c.obj
[4/123] Building C object esp-idf/soc/CMakeFiles/__idf_soc.dir/dport_access_common.c.obj
[5/123] Building C object esp-idf/xtensa/CMakeFiles/__idf_xtensa.dir/xt_trax.c.obj
[6/123] Building C object esp-idf/soc/CMakeFiles/__idf_soc.dir/esp32s3/interrupts.c.obj
[7/123] Building C object esp-idf/soc/CMakeFiles/__idf_soc.dir/esp32s3/adc_periph.c.obj
[8/123] Building C object esp-idf/soc/CMakeFiles/__idf_soc.dir/esp32s3/uart_periph.c.obj
[9/123] Building C object esp-idf/soc/CMakeFiles/__idf_soc.dir/esp32s3/gdma_periph.c.obj
[10/123] Building C object CMakeFiles/bootloader.elf.dir/project_elf_src_esp32s3.c.obj
[11/123] Building C object esp-idf/soc/CMakeFiles/__idf_soc.dir/esp32s3/gpio_periph.c.obj
[12/123] Building C object esp-idf/soc/CMakeFiles/__idf_soc.dir/esp32s3/dedic_gpio_periph.c.obj
[13/123] Building C object esp-idf/soc/CMakeFiles/__idf_soc.dir/esp32s3/ledc_periph.c.obj
[14/123] Building C object esp-idf/soc/CMakeFiles/__idf_soc.dir/esp32s3/spi_periph.c.obj
[15/123] Building C object esp-idf/soc/CMakeFiles/__idf_soc.dir/esp32s3/rmt_periph.c.obj
[16/123] Building C object esp-idf/soc/CMakeFiles/__idf_soc.dir/esp32s3/sdm_periph.c.obj
[17/123] Building C object esp-idf/soc/CMakeFiles/__idf_soc.dir/esp32s3/pcnt_periph.c.obj
[18/123] Building C object esp-idf/soc/CMakeFiles/__idf_soc.dir/esp32s3/temperature_sensor_periph.c.obj
[19/123] Building C object esp-idf/soc/CMakeFiles/__idf_soc.dir/esp32s3/i2s_periph.c.obj
[20/123] Building C object esp-idf/soc/CMakeFiles/__idf_soc.dir/esp32s3/timer_periph.c.obj
[21/123] Building C object esp-idf/soc/CMakeFiles/__idf_soc.dir/esp32s3/lcd_periph.c.obj
[22/123] Building C object esp-idf/soc/CMakeFiles/__idf_soc.dir/esp32s3/touch_sensor_periph.c.obj
[23/123] Building C object esp-idf/soc/CMakeFiles/__idf_soc.dir/esp32s3/i2c_periph.c.obj
[24/123] Building C object esp-idf/soc/CMakeFiles/__idf_soc.dir/esp32s3/mcpwm_periph.c.obj
[25/123] Building C object esp-idf/soc/CMakeFiles/__idf_soc.dir/esp32s3/mpi_periph.c.obj
[26/123] Building C object esp-idf/soc/CMakeFiles/__idf_soc.dir/esp32s3/cam_periph.c.obj
[27/123] Building C object esp-idf/soc/CMakeFiles/__idf_soc.dir/esp32s3/twai_periph.c.obj
[28/123] Building C object esp-idf/soc/CMakeFiles/__idf_soc.dir/esp32s3/wdt_periph.c.obj
[29/123] Building C object esp-idf/soc/CMakeFiles/__idf_soc.dir/esp32s3/power_supply_periph.c.obj
[30/123] Building C object esp-idf/soc/CMakeFiles/__idf_soc.dir/esp32s3/sdmmc_periph.c.obj
[31/123] Building C object esp-idf/soc/CMakeFiles/__idf_soc.dir/esp32s3/usb_dwc_periph.c.obj
[32/123] Building C object esp-idf/soc/CMakeFiles/__idf_soc.dir/esp32s3/rtc_io_periph.c.obj
[33/123] Building C object esp-idf/esp_bootloader_format/CMakeFiles/__idf_esp_bootloader_format.dir/esp_bootloader_desc.c.obj
[34/123] Building C object esp-idf/hal/CMakeFiles/__idf_hal.dir/hal_utils.c.obj
[35/123] Building C object esp-idf/hal/CMakeFiles/__idf_hal.dir/mpu_hal.c.obj
[36/123] Building C object esp-idf/hal/CMakeFiles/__idf_hal.dir/efuse_hal.c.obj
[37/123] Building C object esp-idf/hal/CMakeFiles/__idf_hal.dir/mmu_hal.c.obj
[38/123] Building C object esp-idf/hal/CMakeFiles/__idf_hal.dir/esp32s3/efuse_hal.c.obj
[39/123] Building C object esp-idf/spi_flash/CMakeFiles/__idf_spi_flash.dir/spi_flash_wrap.c.obj
[40/123] Building C object esp-idf/bootloader_support/CMakeFiles/__idf_bootloader_support.dir/src/bootloader_mem.c.obj
[41/123] Building C object esp-idf/bootloader_support/CMakeFiles/__idf_bootloader_support.dir/src/bootloader_clock_init.c.obj
[42/123] Building C object esp-idf/bootloader_support/CMakeFiles/__idf_bootloader_support.dir/src/bootloader_efuse.c.obj
[43/123] Building C object esp-idf/bootloader_support/CMakeFiles/__idf_bootloader_support.dir/src/secure_boot.c.obj
[44/123] Building C object esp-idf/bootloader_support/CMakeFiles/__idf_bootloader_support.dir/src/bootloader_random.c.obj
[45/123] Building C object esp-idf/bootloader_support/CMakeFiles/__idf_bootloader_support.dir/src/bootloader_random_esp32s3.c.obj
[46/123] Building C object esp-idf/bootloader_support/CMakeFiles/__idf_bootloader_support.dir/src/flash_encrypt.c.obj
[47/123] Building C object esp-idf/bootloader_support/CMakeFiles/__idf_bootloader_support.dir/src/bootloader_common_loader.c.obj
[48/123] Building C object esp-idf/bootloader_support/CMakeFiles/__idf_bootloader_support.dir/src/bootloader_common.c.obj
[49/123] Building C object esp-idf/bootloader_support/CMakeFiles/__idf_bootloader_support.dir/src/flash_partitions.c.obj
[50/123] Building C object esp-idf/bootloader_support/CMakeFiles/__idf_bootloader_support.dir/bootloader_flash/src/flash_qio_mode.c.obj
[51/123] Building C object esp-idf/bootloader_support/CMakeFiles/__idf_bootloader_support.dir/src/bootloader_clock_loader.c.obj
[52/123] Building C object esp-idf/bootloader_support/CMakeFiles/__idf_bootloader_support.dir/src/bootloader_sha.c.obj
[53/123] Building C object esp-idf/hal/CMakeFiles/__idf_hal.dir/cache_hal.c.obj
[54/123] Building C object esp-idf/bootloader_support/CMakeFiles/__idf_bootloader_support.dir/bootloader_flash/src/bootloader_flash_config_esp32s3.c.obj
[55/123] Building C object esp-idf/bootloader_support/CMakeFiles/__idf_bootloader_support.dir/src/bootloader_console.c.obj
[56/123] Building C object esp-idf/bootloader_support/CMakeFiles/__idf_bootloader_support.dir/src/esp32s3/bootloader_soc.c.obj
[57/123] Building C object esp-idf/bootloader_support/CMakeFiles/__idf_bootloader_support.dir/src/bootloader_panic.c.obj
[58/123] Building C object esp-idf/bootloader_support/CMakeFiles/__idf_bootloader_support.dir/src/bootloader_console_loader.c.obj
[59/123] Building C object esp-idf/efuse/CMakeFiles/__idf_efuse.dir/esp32s3/esp_efuse_table.c.obj
[60/123] Building C object esp-idf/efuse/CMakeFiles/__idf_efuse.dir/esp32s3/esp_efuse_fields.c.obj
[61/123] Building C object esp-idf/efuse/CMakeFiles/__idf_efuse.dir/esp32s3/esp_efuse_rtc_calib.c.obj
[62/123] Building C object esp-idf/bootloader_support/CMakeFiles/__idf_bootloader_support.dir/src/esp32s3/bootloader_esp32s3.c.obj
[63/123] Building C object esp-idf/efuse/CMakeFiles/__idf_efuse.dir/src/esp_efuse_fields.c.obj
[64/123] Building C object esp-idf/bootloader_support/CMakeFiles/__idf_bootloader_support.dir/src/bootloader_init.c.obj
[65/123] Building C object esp-idf/efuse/CMakeFiles/__idf_efuse.dir/src/esp_efuse_api.c.obj
[66/123] Building C object esp-idf/bootloader_support/CMakeFiles/__idf_bootloader_support.dir/bootloader_flash/src/bootloader_flash.c.obj
[67/123] Building C object esp-idf/esp_system/CMakeFiles/__idf_esp_system.dir/esp_err.c.obj
[68/123] Building C object esp-idf/esp_hw_support/CMakeFiles/__idf_esp_hw_support.dir/port/esp32s3/esp_cpu_intr.c.obj
[69/123] Building C object esp-idf/efuse/CMakeFiles/__idf_efuse.dir/src/esp_efuse_utility.c.obj
[70/123] Building C object esp-idf/esp_hw_support/CMakeFiles/__idf_esp_hw_support.dir/esp_memory_utils.c.obj
[71/123] Building C object esp-idf/efuse/CMakeFiles/__idf_efuse.dir/esp32s3/esp_efuse_utility.c.obj
[72/123] Building C object esp-idf/bootloader_support/CMakeFiles/__idf_bootloader_support.dir/src/bootloader_utility.c.obj
[73/123] Building C object esp-idf/esp_hw_support/CMakeFiles/__idf_esp_hw_support.dir/port/esp32s3/cpu_region_protect.c.obj
[74/123] Building C object esp-idf/esp_hw_support/CMakeFiles/__idf_esp_hw_support.dir/cpu.c.obj
[75/123] Building C object esp-idf/esp_hw_support/CMakeFiles/__idf_esp_hw_support.dir/port/esp32s3/chip_info.c.obj
[76/123] Building C object esp-idf/esp_hw_support/CMakeFiles/__idf_esp_hw_support.dir/port/esp32s3/rtc_clk_init.c.obj
[77/123] Building C object esp-idf/efuse/CMakeFiles/__idf_efuse.dir/src/efuse_controller/keys/with_key_purposes/esp_efuse_api_key.c.obj
[78/123] Building C object esp-idf/esp_rom/CMakeFiles/__idf_esp_rom.dir/patches/esp_rom_crc.c.obj
[79/123] Building C object esp-idf/bootloader_support/CMakeFiles/__idf_bootloader_support.dir/src/esp_image_format.c.obj
[80/123] Building C object esp-idf/esp_rom/CMakeFiles/__idf_esp_rom.dir/patches/esp_rom_sys.c.obj
[81/123] Building C object esp-idf/esp_common/CMakeFiles/__idf_esp_common.dir/src/esp_err_to_name.c.obj
[82/123] Building C object esp-idf/esp_rom/CMakeFiles/__idf_esp_rom.dir/patches/esp_rom_uart.c.obj
[83/123] Building ASM object esp-idf/esp_rom/CMakeFiles/__idf_esp_rom.dir/patches/esp_rom_longjmp.S.obj
[84/123] Building C object esp-idf/esp_hw_support/CMakeFiles/__idf_esp_hw_support.dir/port/esp32s3/rtc_sleep.c.obj
[85/123] Building C object esp-idf/esp_rom/CMakeFiles/__idf_esp_rom.dir/patches/esp_rom_efuse.c.obj
[86/123] Building C object esp-idf/esp_rom/CMakeFiles/__idf_esp_rom.dir/patches/esp_rom_gpio.c.obj
[87/123] Building ASM object esp-idf/esp_rom/CMakeFiles/__idf_esp_rom.dir/patches/esp_rom_cache_writeback_esp32s3.S.obj
[88/123] Building C object esp-idf/esp_hw_support/CMakeFiles/__idf_esp_hw_support.dir/port/esp32s3/rtc_init.c.obj
[89/123] Building C object esp-idf/esp_rom/CMakeFiles/__idf_esp_rom.dir/patches/esp_rom_spiflash.c.obj
[90/123] Building C object esp-idf/esp_hw_support/CMakeFiles/__idf_esp_hw_support.dir/port/esp32s3/rtc_clk.c.obj
[91/123] Building C object esp-idf/esp_rom/CMakeFiles/__idf_esp_rom.dir/patches/esp_rom_wdt.c.obj
[92/123] Building C object esp-idf/esp_rom/CMakeFiles/__idf_esp_rom.dir/patches/esp_rom_systimer.c.obj
[93/123] Building C object esp-idf/esp_hw_support/CMakeFiles/__idf_esp_hw_support.dir/port/esp32s3/rtc_time.c.obj
[94/123] Building C object esp-idf/log/CMakeFiles/__idf_log.dir/src/noos/log_timestamp.c.obj
[95/123] Building C object esp-idf/esp_rom/CMakeFiles/__idf_esp_rom.dir/patches/esp_rom_print.c.obj
[96/123] Building C object esp-idf/log/CMakeFiles/__idf_log.dir/src/noos/util.c.obj
[97/123] Building C object esp-idf/esp_rom/CMakeFiles/__idf_esp_rom.dir/patches/esp_rom_cache_esp32s2_esp32s3.c.obj
[98/123] Building C object esp-idf/log/CMakeFiles/__idf_log.dir/src/log_timestamp_common.c.obj
[99/123] Building C object esp-idf/micro-ecc/CMakeFiles/__idf_micro-ecc.dir/uECC_verify_antifault.c.obj
[100/123] Building C object esp-idf/log/CMakeFiles/__idf_log.dir/src/util.c.obj
[101/123] Building C object esp-idf/log/CMakeFiles/__idf_log.dir/src/log.c.obj
[102/123] Building C object esp-idf/log/CMakeFiles/__idf_log.dir/src/noos/log_lock.c.obj
[103/123] Building C object esp-idf/log/CMakeFiles/__idf_log.dir/src/log_print.c.obj
[104/123] Building C object esp-idf/log/CMakeFiles/__idf_log.dir/src/log_format_text.c.obj
[105/123] Building C object esp-idf/log/CMakeFiles/__idf_log.dir/src/buffer/log_buffers.c.obj
[106/123] Linking C static library esp-idf/log/liblog.a
[107/123] Building C object esp-idf/main/CMakeFiles/__idf_main.dir/bootloader_start.c.obj
[108/123] Linking C static library esp-idf/esp_rom/libesp_rom.a
[109/123] Linking C static library esp-idf/esp_common/libesp_common.a
[110/123] Linking C static library esp-idf/esp_hw_support/libesp_hw_support.a
[111/123] Linking C static library esp-idf/esp_system/libesp_system.a
[112/123] Linking C static library esp-idf/efuse/libefuse.a
[113/123] Linking C static library esp-idf/bootloader_support/libbootloader_support.a
[114/123] Linking C static library esp-idf/esp_bootloader_format/libesp_bootloader_format.a
[115/123] Linking C static library esp-idf/spi_flash/libspi_flash.a
[116/123] Linking C static library esp-idf/hal/libhal.a
[117/123] Linking C static library esp-idf/micro-ecc/libmicro-ecc.a
[118/123] Linking C static library esp-idf/soc/libsoc.a
[119/123] Linking C static library esp-idf/xtensa/libxtensa.a
[120/123] Linking C static library esp-idf/main/libmain.a
[121/123] Linking C executable bootloader.elf
[122/123] Generating binary image from built executable
esptool.py v4.12.0
Creating esp32s3 image...
Merged 2 ELF sections
Successfully created esp32s3 image.
Generated /workspace/scratch/5bc736d51023/tangviterbi/build/s3-rf-coexist/native-direct-phy-rs/idf/bootloader/bootloader.bin
[123/123] cd /workspace/scratch/5bc736d51023/tangviterbi/build/s3-rf-coexist/native-direct-phy-rs/idf/bootloader/esp-idf/esptool_py && /workspace/scratch/5bc736d51023/tooling/idf-venv/bin/python /workspace/scratch/5bc736d51023/tooling/esp-idf-5.5.1/components/partition_table/check_sizes.py --offset 0x8000 bootloader 0x0 /workspace/scratch/5bc736d51023/tangviterbi/build/s3-rf-coexist/native-direct-phy-rs/idf/bootloader/bootloader.bin
Bootloader binary size 0x51a0 bytes. 0x2e60 bytes (36%) free.
[481/983] No install step for 'bootloader'
[482/983] Completed 'bootloader'
[483/983] Building CXX object esp-idf/nvs_flash/CMakeFiles/__idf_nvs_flash.dir/src/nvs_partition.cpp.obj
[484/983] Building CXX object esp-idf/nvs_flash/CMakeFiles/__idf_nvs_flash.dir/src/nvs_partition_lookup.cpp.obj
[485/983] Building CXX object esp-idf/nvs_flash/CMakeFiles/__idf_nvs_flash.dir/src/nvs_platform.cpp.obj
[486/983] Building C object esp-idf/nvs_flash/CMakeFiles/__idf_nvs_flash.dir/src/nvs_bootloader.c.obj
[487/983] Building CXX object esp-idf/nvs_flash/CMakeFiles/__idf_nvs_flash.dir/src/nvs_cxx_api.cpp.obj
[488/983] Building CXX object esp-idf/nvs_flash/CMakeFiles/__idf_nvs_flash.dir/src/nvs_pagemanager.cpp.obj
[489/983] Building C object esp-idf/nvs_flash/CMakeFiles/__idf_nvs_flash.dir/src/nvs_bootloader_aes.c.obj
[490/983] Building C object esp-idf/esp_event/CMakeFiles/__idf_esp_event.dir/default_event_loop.c.obj
[491/983] Building C object esp-idf/nvs_flash/CMakeFiles/__idf_nvs_flash.dir/src/nvs_bootloader_xts_aes.c.obj
[492/983] Building C object esp-idf/esp_event/CMakeFiles/__idf_esp_event.dir/esp_event_private.c.obj
[493/983] Building CXX object esp-idf/nvs_flash/CMakeFiles/__idf_nvs_flash.dir/src/nvs_api.cpp.obj
[494/983] Building CXX object esp-idf/nvs_flash/CMakeFiles/__idf_nvs_flash.dir/src/nvs_partition_manager.cpp.obj
[495/983] Building CXX object esp-idf/nvs_flash/CMakeFiles/__idf_nvs_flash.dir/src/nvs_handle_simple.cpp.obj
[496/983] Building CXX object esp-idf/nvs_flash/CMakeFiles/__idf_nvs_flash.dir/src/nvs_item_hash_list.cpp.obj
[497/983] Building C object esp-idf/esp_driver_uart/CMakeFiles/__idf_esp_driver_uart.dir/src/uart_wakeup.c.obj
[498/983] Building C object esp-idf/esp_event/CMakeFiles/__idf_esp_event.dir/esp_event.c.obj
[499/983] Building CXX object esp-idf/nvs_flash/CMakeFiles/__idf_nvs_flash.dir/src/nvs_page.cpp.obj
[500/983] Building CXX object esp-idf/nvs_flash/CMakeFiles/__idf_nvs_flash.dir/src/nvs_handle_locked.cpp.obj
[501/983] Building C object esp-idf/esp_driver_usb_serial_jtag/CMakeFiles/__idf_esp_driver_usb_serial_jtag.dir/src/usb_serial_jtag_connection_monitor.c.obj
[502/983] Building C object esp-idf/esp_driver_usb_serial_jtag/CMakeFiles/__idf_esp_driver_usb_serial_jtag.dir/src/usb_serial_jtag.c.obj
[503/983] Building C object esp-idf/esp_vfs_console/CMakeFiles/__idf_esp_vfs_console.dir/vfs_console.c.obj
[504/983] Building C object esp-idf/esp_driver_uart/CMakeFiles/__idf_esp_driver_uart.dir/src/uhci.c.obj
[505/983] Building C object esp-idf/esp_driver_usb_serial_jtag/CMakeFiles/__idf_esp_driver_usb_serial_jtag.dir/src/usb_serial_jtag_vfs.c.obj
[506/983] Building C object esp-idf/vfs/CMakeFiles/__idf_vfs.dir/vfs_eventfd.c.obj
[507/983] Building C object esp-idf/vfs/CMakeFiles/__idf_vfs.dir/nullfs.c.obj
[508/983] Building C object esp-idf/lwip/CMakeFiles/__idf_lwip.dir/apps/sntp/sntp.c.obj
[509/983] Building C object esp-idf/vfs/CMakeFiles/__idf_vfs.dir/vfs_semihost.c.obj
[510/983] Building CXX object esp-idf/nvs_flash/CMakeFiles/__idf_nvs_flash.dir/src/nvs_encrypted_partition.cpp.obj
[511/983] Building C object esp-idf/lwip/CMakeFiles/__idf_lwip.dir/lwip/src/api/if_api.c.obj
[512/983] Building C object esp-idf/lwip/CMakeFiles/__idf_lwip.dir/lwip/src/api/err.c.obj
[513/983] Building C object esp-idf/lwip/CMakeFiles/__idf_lwip.dir/lwip/src/api/netbuf.c.obj
[514/983] Building C object esp-idf/esp_driver_uart/CMakeFiles/__idf_esp_driver_uart.dir/src/uart_vfs.c.obj
[515/983] Building C object esp-idf/lwip/CMakeFiles/__idf_lwip.dir/lwip/src/api/netifapi.c.obj
[516/983] Building C object esp-idf/lwip/CMakeFiles/__idf_lwip.dir/lwip/src/api/netdb.c.obj
[517/983] Building C object esp-idf/esp_ringbuf/CMakeFiles/__idf_esp_ringbuf.dir/ringbuf.c.obj
[518/983] Building CXX object esp-idf/nvs_flash/CMakeFiles/__idf_nvs_flash.dir/src/nvs_storage.cpp.obj
[519/983] Building C object esp-idf/lwip/CMakeFiles/__idf_lwip.dir/lwip/src/apps/sntp/sntp.c.obj
[520/983] Building C object esp-idf/lwip/CMakeFiles/__idf_lwip.dir/lwip/src/api/api_lib.c.obj
[521/983] Building C object esp-idf/lwip/CMakeFiles/__idf_lwip.dir/lwip/src/apps/netbiosns/netbiosns.c.obj
[522/983] Building C object esp-idf/lwip/CMakeFiles/__idf_lwip.dir/lwip/src/api/tcpip.c.obj
[523/983] Building C object esp-idf/lwip/CMakeFiles/__idf_lwip.dir/lwip/src/core/init.c.obj
[524/983] Building C object esp-idf/lwip/CMakeFiles/__idf_lwip.dir/lwip/src/core/ip.c.obj
[525/983] Building C object esp-idf/lwip/CMakeFiles/__idf_lwip.dir/lwip/src/core/mem.c.obj
[526/983] Building C object esp-idf/lwip/CMakeFiles/__idf_lwip.dir/lwip/src/core/def.c.obj
[527/983] Building C object esp-idf/esp_driver_uart/CMakeFiles/__idf_esp_driver_uart.dir/src/uart.c.obj
[528/983] Building C object esp-idf/lwip/CMakeFiles/__idf_lwip.dir/lwip/src/core/memp.c.obj
[529/983] Building C object esp-idf/lwip/CMakeFiles/__idf_lwip.dir/lwip/src/core/dns.c.obj
[530/983] Building C object esp-idf/lwip/CMakeFiles/__idf_lwip.dir/lwip/src/core/inet_chksum.c.obj
[531/983] Building C object esp-idf/lwip/CMakeFiles/__idf_lwip.dir/lwip/src/core/sys.c.obj
[532/983] Building C object esp-idf/lwip/CMakeFiles/__idf_lwip.dir/lwip/src/core/stats.c.obj
[533/983] Building C object esp-idf/lwip/CMakeFiles/__idf_lwip.dir/lwip/src/api/api_msg.c.obj
[534/983] Building C object esp-idf/lwip/CMakeFiles/__idf_lwip.dir/lwip/src/core/raw.c.obj
[535/983] Building CXX object esp-idf/nvs_flash/CMakeFiles/__idf_nvs_flash.dir/src/nvs_types.cpp.obj
[536/983] Building C object esp-idf/lwip/CMakeFiles/__idf_lwip.dir/lwip/src/core/pbuf.c.obj
[537/983] Building C object esp-idf/vfs/CMakeFiles/__idf_vfs.dir/vfs.c.obj
[538/983] Building C object esp-idf/lwip/CMakeFiles/__idf_lwip.dir/lwip/src/core/timeouts.c.obj
[539/983] Building C object esp-idf/lwip/CMakeFiles/__idf_lwip.dir/lwip/src/core/ipv4/autoip.c.obj
[540/983] Building C object esp-idf/lwip/CMakeFiles/__idf_lwip.dir/lwip/src/api/sockets.c.obj
[541/983] Building C object esp-idf/lwip/CMakeFiles/__idf_lwip.dir/lwip/src/core/netif.c.obj
[542/983] Building C object esp-idf/lwip/CMakeFiles/__idf_lwip.dir/lwip/src/core/ipv4/icmp.c.obj
[543/983] Building C object esp-idf/lwip/CMakeFiles/__idf_lwip.dir/lwip/src/core/ipv4/ip4.c.obj
[544/983] Building C object esp-idf/lwip/CMakeFiles/__idf_lwip.dir/lwip/src/core/tcp.c.obj
[545/983] Building C object esp-idf/lwip/CMakeFiles/__idf_lwip.dir/lwip/src/core/udp.c.obj
[546/983] Building C object esp-idf/lwip/CMakeFiles/__idf_lwip.dir/lwip/src/core/ipv4/ip4_napt.c.obj
[547/983] Building C object esp-idf/lwip/CMakeFiles/__idf_lwip.dir/lwip/src/core/ipv4/igmp.c.obj
[548/983] Building C object esp-idf/lwip/CMakeFiles/__idf_lwip.dir/lwip/src/core/ipv6/dhcp6.c.obj
[549/983] Building C object esp-idf/lwip/CMakeFiles/__idf_lwip.dir/lwip/src/core/ipv4/ip4_addr.c.obj
[550/983] Building C object esp-idf/lwip/CMakeFiles/__idf_lwip.dir/lwip/src/core/ipv6/ethip6.c.obj
[551/983] Building C object esp-idf/lwip/CMakeFiles/__idf_lwip.dir/lwip/src/core/ipv4/ip4_frag.c.obj
[552/983] Building C object esp-idf/lwip/CMakeFiles/__idf_lwip.dir/lwip/src/core/ipv4/etharp.c.obj
[553/983] Building C object esp-idf/lwip/CMakeFiles/__idf_lwip.dir/lwip/src/core/ipv6/inet6.c.obj
[554/983] Building C object esp-idf/lwip/CMakeFiles/__idf_lwip.dir/lwip/src/core/ipv6/icmp6.c.obj
[555/983] Building C object esp-idf/lwip/CMakeFiles/__idf_lwip.dir/lwip/src/core/ipv6/ip6_frag.c.obj
[556/983] Building C object esp-idf/lwip/CMakeFiles/__idf_lwip.dir/lwip/src/core/ipv6/ip6_addr.c.obj
[557/983] Building C object esp-idf/lwip/CMakeFiles/__idf_lwip.dir/lwip/src/netif/bridgeif.c.obj
[558/983] Building C object esp-idf/lwip/CMakeFiles/__idf_lwip.dir/lwip/src/netif/bridgeif_fdb.c.obj
[559/983] Building C object esp-idf/lwip/CMakeFiles/__idf_lwip.dir/lwip/src/core/ipv6/mld6.c.obj
[560/983] Building C object esp-idf/lwip/CMakeFiles/__idf_lwip.dir/lwip/src/netif/ppp/auth.c.obj
[561/983] Building C object esp-idf/lwip/CMakeFiles/__idf_lwip.dir/lwip/src/netif/slipif.c.obj
[562/983] Building C object esp-idf/lwip/CMakeFiles/__idf_lwip.dir/lwip/src/netif/ethernet.c.obj
[563/983] Building C object esp-idf/lwip/CMakeFiles/__idf_lwip.dir/lwip/src/core/tcp_out.c.obj
[564/983] Building C object esp-idf/lwip/CMakeFiles/__idf_lwip.dir/lwip/src/core/ipv4/dhcp.c.obj
[565/983] Building C object esp-idf/lwip/CMakeFiles/__idf_lwip.dir/lwip/src/netif/ppp/ccp.c.obj
[566/983] Building C object esp-idf/lwip/CMakeFiles/__idf_lwip.dir/lwip/src/netif/ppp/chap-md5.c.obj
[567/983] Building C object esp-idf/lwip/CMakeFiles/__idf_lwip.dir/lwip/src/netif/ppp/chap-new.c.obj
[568/983] Building C object esp-idf/lwip/CMakeFiles/__idf_lwip.dir/lwip/src/netif/ppp/chap_ms.c.obj
[569/983] Building C object esp-idf/lwip/CMakeFiles/__idf_lwip.dir/lwip/src/netif/ppp/eap.c.obj
[570/983] Building C object esp-idf/lwip/CMakeFiles/__idf_lwip.dir/lwip/src/netif/ppp/demand.c.obj
[571/983] Building C object esp-idf/lwip/CMakeFiles/__idf_lwip.dir/lwip/src/core/ipv6/ip6.c.obj
[572/983] Building C object esp-idf/lwip/CMakeFiles/__idf_lwip.dir/lwip/src/netif/ppp/ipcp.c.obj
[573/983] Building C object esp-idf/lwip/CMakeFiles/__idf_lwip.dir/lwip/src/netif/ppp/ecp.c.obj
[574/983] Building C object esp-idf/lwip/CMakeFiles/__idf_lwip.dir/lwip/src/core/tcp_in.c.obj
[575/983] Building C object esp-idf/lwip/CMakeFiles/__idf_lwip.dir/lwip/src/netif/ppp/magic.c.obj
[576/983] Building C object esp-idf/lwip/CMakeFiles/__idf_lwip.dir/lwip/src/netif/ppp/fsm.c.obj
[577/983] Building C object esp-idf/lwip/CMakeFiles/__idf_lwip.dir/lwip/src/netif/ppp/eui64.c.obj
[578/983] Building C object esp-idf/lwip/CMakeFiles/__idf_lwip.dir/lwip/src/netif/ppp/mppe.c.obj
[579/983] Building C object esp-idf/lwip/CMakeFiles/__idf_lwip.dir/lwip/src/netif/ppp/ipv6cp.c.obj
[580/983] Building C object esp-idf/lwip/CMakeFiles/__idf_lwip.dir/lwip/src/netif/ppp/lcp.c.obj
[581/983] Building C object esp-idf/lwip/CMakeFiles/__idf_lwip.dir/lwip/src/netif/ppp/ppp.c.obj
[582/983] Building C object esp-idf/lwip/CMakeFiles/__idf_lwip.dir/lwip/src/netif/ppp/pppapi.c.obj
[583/983] Building C object esp-idf/lwip/CMakeFiles/__idf_lwip.dir/lwip/src/netif/ppp/pppoe.c.obj
[584/983] Building C object esp-idf/lwip/CMakeFiles/__idf_lwip.dir/lwip/src/netif/ppp/multilink.c.obj
[585/983] Building C object esp-idf/lwip/CMakeFiles/__idf_lwip.dir/lwip/src/netif/ppp/pppcrypt.c.obj
[586/983] Building C object esp-idf/lwip/CMakeFiles/__idf_lwip.dir/lwip/src/netif/ppp/pppos.c.obj
[587/983] Building C object esp-idf/lwip/CMakeFiles/__idf_lwip.dir/lwip/src/netif/ppp/upap.c.obj
[588/983] Building C object esp-idf/lwip/CMakeFiles/__idf_lwip.dir/lwip/src/netif/ppp/pppol2tp.c.obj
[589/983] Building C object esp-idf/lwip/CMakeFiles/__idf_lwip.dir/lwip/src/netif/ppp/vj.c.obj
[590/983] Building C object esp-idf/lwip/CMakeFiles/__idf_lwip.dir/port/hooks/lwip_default_hooks.c.obj
[591/983] Building C object esp-idf/lwip/CMakeFiles/__idf_lwip.dir/port/hooks/tcp_isn_default.c.obj
[592/983] Building C object esp-idf/lwip/CMakeFiles/__idf_lwip.dir/port/sockets_ext.c.obj
[593/983] Building C object esp-idf/lwip/CMakeFiles/__idf_lwip.dir/port/acd_dhcp_check.c.obj
[594/983] Building C object esp-idf/lwip/CMakeFiles/__idf_lwip.dir/lwip/src/netif/ppp/utils.c.obj
[595/983] Building C object esp-idf/lwip/CMakeFiles/__idf_lwip.dir/port/esp32xx/vfs_lwip.c.obj
[596/983] Building C object esp-idf/lwip/CMakeFiles/__idf_lwip.dir/apps/ping/esp_ping.c.obj
[597/983] Building C object esp-idf/lwip/CMakeFiles/__idf_lwip.dir/port/if_index.c.obj
[598/983] Building C object esp-idf/lwip/CMakeFiles/__idf_lwip.dir/lwip/src/netif/ppp/polarssl/des.c.obj
[599/983] Building C object esp-idf/lwip/CMakeFiles/__idf_lwip.dir/lwip/src/netif/ppp/polarssl/arc4.c.obj
[600/983] Building C object esp-idf/lwip/CMakeFiles/__idf_lwip.dir/lwip/src/netif/ppp/polarssl/md4.c.obj
[601/983] Building C object esp-idf/lwip/CMakeFiles/__idf_lwip.dir/lwip/src/netif/ppp/polarssl/md5.c.obj
[602/983] Building C object esp-idf/lwip/CMakeFiles/__idf_lwip.dir/apps/ping/ping.c.obj
[603/983] Building C object esp-idf/esp_netif/CMakeFiles/__idf_esp_netif.dir/esp_netif_defaults.c.obj
[604/983] Building C object esp-idf/lwip/CMakeFiles/__idf_lwip.dir/lwip/src/netif/ppp/polarssl/sha1.c.obj
[605/983] Building C object esp-idf/lwip/CMakeFiles/__idf_lwip.dir/port/debug/lwip_debug.c.obj
[606/983] Building C object esp-idf/lwip/CMakeFiles/__idf_lwip.dir/lwip/src/core/ipv6/nd6.c.obj
[607/983] Building C object esp-idf/lwip/CMakeFiles/__idf_lwip.dir/port/freertos/sys_arch.c.obj
[608/983] Building C object esp-idf/esp_netif/CMakeFiles/__idf_esp_netif.dir/lwip/esp_netif_lwip_defaults.c.obj
[609/983] Building C object esp-idf/esp_netif/CMakeFiles/__idf_esp_netif.dir/esp_netif_handlers.c.obj
[610/983] Building C object esp-idf/esp_netif/CMakeFiles/__idf_esp_netif.dir/esp_netif_objects.c.obj
[611/983] Building C object esp-idf/esp_netif/CMakeFiles/__idf_esp_netif.dir/lwip/netif/wlanif.c.obj
[612/983] Building C object esp-idf/lwip/CMakeFiles/__idf_lwip.dir/apps/ping/ping_sock.c.obj
[613/983] Building C object esp-idf/esp_netif/CMakeFiles/__idf_esp_netif.dir/lwip/netif/esp_pbuf_ref.c.obj
[614/983] Building C object esp-idf/esp_netif/CMakeFiles/__idf_esp_netif.dir/lwip/esp_netif_sntp.c.obj
[615/983] Building C object esp-idf/esp_netif/CMakeFiles/__idf_esp_netif.dir/lwip/netif/ethernetif.c.obj
[616/983] Building C object esp-idf/wpa_supplicant/CMakeFiles/__idf_wpa_supplicant.dir/port/os_xtensa.c.obj
[617/983] Building C object esp-idf/wpa_supplicant/CMakeFiles/__idf_wpa_supplicant.dir/src/ap/ieee802_1x.c.obj
[618/983] Building C object esp-idf/wpa_supplicant/CMakeFiles/__idf_wpa_supplicant.dir/src/ap/ap_config.c.obj
[619/983] Building C object esp-idf/wpa_supplicant/CMakeFiles/__idf_wpa_supplicant.dir/src/ap/sta_info.c.obj
[620/983] Building C object esp-idf/lwip/CMakeFiles/__idf_lwip.dir/apps/dhcpserver/dhcpserver.c.obj
[621/983] Building C object esp-idf/wpa_supplicant/CMakeFiles/__idf_wpa_supplicant.dir/port/eloop.c.obj
[622/983] Building C object esp-idf/wpa_supplicant/CMakeFiles/__idf_wpa_supplicant.dir/src/ap/pmksa_cache_auth.c.obj
[623/983] Building C object esp-idf/wpa_supplicant/CMakeFiles/__idf_wpa_supplicant.dir/src/ap/wpa_auth_ie.c.obj
[624/983] Building C object esp-idf/wpa_supplicant/CMakeFiles/__idf_wpa_supplicant.dir/src/utils/bitfield.c.obj
[625/983] Building C object esp-idf/wpa_supplicant/CMakeFiles/__idf_wpa_supplicant.dir/src/ap/ieee802_11.c.obj
[626/983] Building C object esp-idf/wpa_supplicant/CMakeFiles/__idf_wpa_supplicant.dir/src/crypto/sha256-kdf.c.obj
[627/983] Building C object esp-idf/wpa_supplicant/CMakeFiles/__idf_wpa_supplicant.dir/src/ap/comeback_token.c.obj
[628/983] Building C object esp-idf/wpa_supplicant/CMakeFiles/__idf_wpa_supplicant.dir/src/crypto/aes-siv.c.obj
[629/983] Building C object esp-idf/wpa_supplicant/CMakeFiles/__idf_wpa_supplicant.dir/src/crypto/dh_group5.c.obj
[630/983] Building C object esp-idf/wpa_supplicant/CMakeFiles/__idf_wpa_supplicant.dir/src/crypto/crypto_ops.c.obj
[631/983] Building C object esp-idf/wpa_supplicant/CMakeFiles/__idf_wpa_supplicant.dir/src/common/dragonfly.c.obj
[632/983] Building C object esp-idf/wpa_supplicant/CMakeFiles/__idf_wpa_supplicant.dir/src/crypto/ccmp.c.obj
[633/983] Building C object esp-idf/wpa_supplicant/CMakeFiles/__idf_wpa_supplicant.dir/src/crypto/aes-gcm.c.obj
[634/983] Building C object esp-idf/wpa_supplicant/CMakeFiles/__idf_wpa_supplicant.dir/src/crypto/sha1-tlsprf.c.obj
[635/983] Building C object esp-idf/wpa_supplicant/CMakeFiles/__idf_wpa_supplicant.dir/src/crypto/sha256-tlsprf.c.obj
[636/983] Building C object esp-idf/wpa_supplicant/CMakeFiles/__idf_wpa_supplicant.dir/src/crypto/dh_groups.c.obj
[637/983] Building C object esp-idf/wpa_supplicant/CMakeFiles/__idf_wpa_supplicant.dir/src/crypto/sha384-tlsprf.c.obj
[638/983] Building C object esp-idf/wpa_supplicant/CMakeFiles/__idf_wpa_supplicant.dir/src/crypto/sha1-prf.c.obj
[639/983] Building C object esp-idf/wpa_supplicant/CMakeFiles/__idf_wpa_supplicant.dir/src/crypto/ms_funcs.c.obj
[640/983] Building C object esp-idf/wpa_supplicant/CMakeFiles/__idf_wpa_supplicant.dir/src/crypto/sha256-prf.c.obj
[641/983] Building C object esp-idf/wpa_supplicant/CMakeFiles/__idf_wpa_supplicant.dir/src/common/wpa_common.c.obj
[642/983] Building C object esp-idf/wpa_supplicant/CMakeFiles/__idf_wpa_supplicant.dir/src/crypto/sha1-tprf.c.obj
[643/983] Building C object esp-idf/wpa_supplicant/CMakeFiles/__idf_wpa_supplicant.dir/src/eap_common/eap_wsc_common.c.obj
[644/983] Building C object esp-idf/wpa_supplicant/CMakeFiles/__idf_wpa_supplicant.dir/src/eap_peer/chap.c.obj
[645/983] Building C object esp-idf/wpa_supplicant/CMakeFiles/__idf_wpa_supplicant.dir/src/crypto/sha384-prf.c.obj
[646/983] Building C object esp-idf/wpa_supplicant/CMakeFiles/__idf_wpa_supplicant.dir/src/crypto/md4-internal.c.obj
[647/983] Building C object esp-idf/wpa_supplicant/CMakeFiles/__idf_wpa_supplicant.dir/src/ap/wpa_auth.c.obj
[648/983] Building C object esp-idf/wpa_supplicant/CMakeFiles/__idf_wpa_supplicant.dir/src/eap_peer/eap_common.c.obj
[649/983] Building C object esp-idf/wpa_supplicant/CMakeFiles/__idf_wpa_supplicant.dir/src/common/ieee802_11_common.c.obj
[650/983] Building C object esp-idf/wpa_supplicant/CMakeFiles/__idf_wpa_supplicant.dir/src/eap_peer/mschapv2.c.obj
[651/983] Building C object esp-idf/wpa_supplicant/CMakeFiles/__idf_wpa_supplicant.dir/src/eap_peer/eap_peap_common.c.obj
[652/983] Building C object esp-idf/wpa_supplicant/CMakeFiles/__idf_wpa_supplicant.dir/src/eap_peer/eap_mschapv2.c.obj
[653/983] Building C object esp-idf/wpa_supplicant/CMakeFiles/__idf_wpa_supplicant.dir/src/eap_peer/eap_tls.c.obj
[654/983] Building C object esp-idf/wpa_supplicant/CMakeFiles/__idf_wpa_supplicant.dir/src/eap_peer/eap_fast_common.c.obj
[655/983] Building C object esp-idf/wpa_supplicant/CMakeFiles/__idf_wpa_supplicant.dir/src/common/sae.c.obj
[656/983] Building C object esp-idf/wpa_supplicant/CMakeFiles/__idf_wpa_supplicant.dir/src/eap_peer/eap_tls_common.c.obj
[657/983] Building C object esp-idf/esp_netif/CMakeFiles/__idf_esp_netif.dir/lwip/esp_netif_lwip.c.obj
[658/983] Building C object esp-idf/wpa_supplicant/CMakeFiles/__idf_wpa_supplicant.dir/src/rsn_supp/pmksa_cache.c.obj
[659/983] Building C object esp-idf/wpa_supplicant/CMakeFiles/__idf_wpa_supplicant.dir/src/utils/ext_password.c.obj
[660/983] Building C object esp-idf/wpa_supplicant/CMakeFiles/__idf_wpa_supplicant.dir/src/eap_peer/eap.c.obj
[661/983] Building C object esp-idf/wpa_supplicant/CMakeFiles/__idf_wpa_supplicant.dir/src/utils/base64.c.obj
[662/983] Building C object esp-idf/wpa_supplicant/CMakeFiles/__idf_wpa_supplicant.dir/src/utils/uuid.c.obj
[663/983] Building C object esp-idf/wpa_supplicant/CMakeFiles/__idf_wpa_supplicant.dir/src/eap_peer/eap_peap.c.obj
[664/983] Building C object esp-idf/wpa_supplicant/CMakeFiles/__idf_wpa_supplicant.dir/src/utils/wpabuf.c.obj
[665/983] Building C object esp-idf/wpa_supplicant/CMakeFiles/__idf_wpa_supplicant.dir/src/eap_peer/eap_ttls.c.obj
[666/983] Building C object esp-idf/wpa_supplicant/CMakeFiles/__idf_wpa_supplicant.dir/src/utils/wpa_debug.c.obj
[667/983] Building C object esp-idf/wpa_supplicant/CMakeFiles/__idf_wpa_supplicant.dir/src/utils/common.c.obj
[668/983] Building C object esp-idf/wpa_supplicant/CMakeFiles/__idf_wpa_supplicant.dir/src/rsn_supp/wpa_ie.c.obj
[669/983] Building C object esp-idf/wpa_supplicant/CMakeFiles/__idf_wpa_supplicant.dir/src/wps/wps.c.obj
[670/983] Building C object esp-idf/wpa_supplicant/CMakeFiles/__idf_wpa_supplicant.dir/src/wps/wps_attr_parse.c.obj
[671/983] Building C object esp-idf/wpa_supplicant/CMakeFiles/__idf_wpa_supplicant.dir/src/eap_peer/eap_fast_pac.c.obj
[672/983] Building C object esp-idf/wpa_supplicant/CMakeFiles/__idf_wpa_supplicant.dir/src/utils/json.c.obj
[673/983] Building C object esp-idf/wpa_supplicant/CMakeFiles/__idf_wpa_supplicant.dir/src/eap_peer/eap_fast.c.obj
[674/983] Building C object esp-idf/wpa_supplicant/CMakeFiles/__idf_wpa_supplicant.dir/src/wps/wps_dev_attr.c.obj
[675/983] Building C object esp-idf/wpa_supplicant/CMakeFiles/__idf_wpa_supplicant.dir/esp_supplicant/src/esp_wpa2_api_port.c.obj
[676/983] Building C object esp-idf/wpa_supplicant/CMakeFiles/__idf_wpa_supplicant.dir/src/rsn_supp/wpa.c.obj
[677/983] Building C object esp-idf/wpa_supplicant/CMakeFiles/__idf_wpa_supplicant.dir/src/wps/wps_attr_process.c.obj
[678/983] Building C object esp-idf/wpa_supplicant/CMakeFiles/__idf_wpa_supplicant.dir/esp_supplicant/src/esp_wpas_glue.c.obj
[679/983] Building C object esp-idf/wpa_supplicant/CMakeFiles/__idf_wpa_supplicant.dir/src/common/sae_pk.c.obj
[680/983] Building C object esp-idf/wpa_supplicant/CMakeFiles/__idf_wpa_supplicant.dir/esp_supplicant/src/esp_wpa_main.c.obj
[681/983] Building C object esp-idf/wpa_supplicant/CMakeFiles/__idf_wpa_supplicant.dir/src/wps/wps_attr_build.c.obj
[682/983] Building C object esp-idf/wpa_supplicant/CMakeFiles/__idf_wpa_supplicant.dir/src/wps/wps_common.c.obj
[683/983] Building C object esp-idf/wpa_supplicant/CMakeFiles/__idf_wpa_supplicant.dir/esp_supplicant/src/esp_owe.c.obj
[684/983] Building C object esp-idf/wpa_supplicant/CMakeFiles/__idf_wpa_supplicant.dir/esp_supplicant/src/esp_common.c.obj
[685/983] Building C object esp-idf/wpa_supplicant/CMakeFiles/__idf_wpa_supplicant.dir/src/wps/wps_enrollee.c.obj
[686/983] Building C object esp-idf/wpa_supplicant/CMakeFiles/__idf_wpa_supplicant.dir/esp_supplicant/src/esp_wpa3.c.obj
[687/983] Building C object esp-idf/wpa_supplicant/CMakeFiles/__idf_wpa_supplicant.dir/esp_supplicant/src/esp_eap_client.c.obj
[688/983] Building C object esp-idf/wpa_supplicant/CMakeFiles/__idf_wpa_supplicant.dir/esp_supplicant/src/esp_hostap.c.obj
[689/983] Building C object esp-idf/wpa_supplicant/CMakeFiles/__idf_wpa_supplicant.dir/esp_supplicant/src/crypto/fastpsk.c.obj
[690/983] Building C object esp-idf/wpa_supplicant/CMakeFiles/__idf_wpa_supplicant.dir/src/crypto/rc4.c.obj
[691/983] Building C object esp-idf/wpa_supplicant/CMakeFiles/__idf_wpa_supplicant.dir/esp_supplicant/src/crypto/tls_mbedtls.c.obj
[692/983] Building C object esp-idf/wpa_supplicant/CMakeFiles/__idf_wpa_supplicant.dir/esp_supplicant/src/crypto/crypto_mbedtls-bignum.c.obj
[693/983] Building C object esp-idf/wpa_supplicant/CMakeFiles/__idf_wpa_supplicant.dir/esp_supplicant/src/crypto/crypto_mbedtls.c.obj
[694/983] Building C object esp-idf/wpa_supplicant/CMakeFiles/__idf_wpa_supplicant.dir/src/crypto/aes-wrap.c.obj
[695/983] Building C object esp-idf/esp_coex/CMakeFiles/__idf_esp_coex.dir/src/coexist_debug_diagram.c.obj
[696/983] Building C object esp-idf/wpa_supplicant/CMakeFiles/__idf_wpa_supplicant.dir/esp_supplicant/src/crypto/crypto_mbedtls-rsa.c.obj
[697/983] Building C object esp-idf/wpa_supplicant/CMakeFiles/__idf_wpa_supplicant.dir/esp_supplicant/src/crypto/fastpbkdf2.c.obj
[698/983] Building C object esp-idf/esp_coex/CMakeFiles/__idf_esp_coex.dir/src/coexist_debug.c.obj
[699/983] Building C object esp-idf/esp_wifi/CMakeFiles/__idf_esp_wifi.dir/src/lib_printf.c.obj
[700/983] Building C object esp-idf/esp_wifi/CMakeFiles/__idf_esp_wifi.dir/src/mesh_event.c.obj
[701/983] Building C object esp-idf/esp_wifi/CMakeFiles/__idf_esp_wifi.dir/src/smartconfig.c.obj
[702/983] Building C object esp-idf/wpa_supplicant/CMakeFiles/__idf_wpa_supplicant.dir/src/crypto/aes-ccm.c.obj
[703/983] Building C object esp-idf/wpa_supplicant/CMakeFiles/__idf_wpa_supplicant.dir/src/crypto/aes-unwrap.c.obj
[704/983] Building C object esp-idf/esp_wifi/CMakeFiles/__idf_esp_wifi.dir/src/wifi_default_ap.c.obj
[705/983] Building C object esp-idf/esp_coex/CMakeFiles/__idf_esp_coex.dir/esp32s3/esp_coex_adapter.c.obj
[706/983] Building C object esp-idf/esp_wifi/CMakeFiles/__idf_esp_wifi.dir/regulatory/esp_wifi_regulatory.c.obj
[707/983] Building C object esp-idf/esp_wifi/CMakeFiles/__idf_esp_wifi.dir/src/wifi_netif.c.obj
[708/983] Building C object esp-idf/esp_wifi/CMakeFiles/__idf_esp_wifi.dir/src/wifi_init.c.obj
[709/983] Building C object esp-idf/esp_phy/CMakeFiles/__idf_esp_phy.dir/src/lib_printf.c.obj
[710/983] Building C object esp-idf/esp_phy/CMakeFiles/__idf_esp_phy.dir/esp32s3/phy_init_data.c.obj
[711/983] Building C object esp-idf/esp_phy/CMakeFiles/__idf_esp_phy.dir/src/phy_override.c.obj
[712/983] Building C object esp-idf/esp_wifi/CMakeFiles/__idf_esp_wifi.dir/src/wifi_default.c.obj
[713/983] Building C object esp-idf/esp_phy/CMakeFiles/__idf_esp_phy.dir/src/phy_callback.c.obj
[714/983] Building C object esp-idf/esp_phy/CMakeFiles/__idf_esp_phy.dir/src/btbb_init.c.obj
[715/983] Building C object esp-idf/wpa_supplicant/CMakeFiles/__idf_wpa_supplicant.dir/esp_supplicant/src/crypto/crypto_mbedtls-ec.c.obj
[716/983] Building C object esp-idf/wpa_supplicant/CMakeFiles/__idf_wpa_supplicant.dir/src/crypto/des-internal.c.obj
[717/983] Building C object esp-idf/esp_wifi/CMakeFiles/__idf_esp_wifi.dir/esp32s3/esp_adapter.c.obj
[718/983] Building C object esp-idf/esp_phy/CMakeFiles/__idf_esp_phy.dir/src/phy_common.c.obj
[719/983] Building C object esp-idf/esp_wifi/CMakeFiles/__idf_esp_wifi.dir/src/smartconfig_ack.c.obj
[720/983] Building C object esp-idf/esp_phy/CMakeFiles/__idf_esp_phy.dir/src/phy_init.c.obj
[721/983] Linking C static library esp-idf/esp_phy/libesp_phy.a
[722/983] Linking C static library esp-idf/esp_wifi/libesp_wifi.a
[723/983] Linking C static library esp-idf/esp_coex/libesp_coex.a
[724/983] Building C object esp-idf/wpa_supplicant/CMakeFiles/__idf_wpa_supplicant.dir/esp_supplicant/src/esp_wps.c.obj
[725/983] Linking C static library esp-idf/wpa_supplicant/libwpa_supplicant.a
[726/983] Linking C static library esp-idf/esp_netif/libesp_netif.a
[727/983] Linking C static library esp-idf/lwip/liblwip.a
[728/983] Linking C static library esp-idf/vfs/libvfs.a
[729/983] Linking C static library esp-idf/esp_vfs_console/libesp_vfs_console.a
[730/983] Linking C static library esp-idf/esp_driver_usb_serial_jtag/libesp_driver_usb_serial_jtag.a
[731/983] Linking C static library esp-idf/esp_driver_uart/libesp_driver_uart.a
[732/983] Linking C static library esp-idf/esp_ringbuf/libesp_ringbuf.a
[733/983] Linking C static library esp-idf/esp_event/libesp_event.a
[734/983] Linking C static library esp-idf/nvs_flash/libnvs_flash.a
[735/983] Linking C static library esp-idf/esp_psram/libesp_psram.a
[736/983] Linking C static library esp-idf/esp_pm/libesp_pm.a
[737/983] Linking C static library esp-idf/cxx/libcxx.a
[738/983] Linking C static library esp-idf/pthread/libpthread.a
[739/983] Linking C static library esp-idf/newlib/libnewlib.a
[740/983] Linking C static library esp-idf/freertos/libfreertos.a
[741/983] Linking C static library esp-idf/esp_hw_support/libesp_hw_support.a
[742/983] Linking C static library esp-idf/esp_security/libesp_security.a
[743/983] Linking C static library esp-idf/soc/libsoc.a
[744/983] Linking C static library esp-idf/heap/libheap.a
[745/983] Linking C static library esp-idf/log/liblog.a
[746/983] Linking C static library esp-idf/hal/libhal.a
[747/983] Linking C static library esp-idf/esp_rom/libesp_rom.a
[748/983] Linking C static library esp-idf/esp_common/libesp_common.a
[749/983] Linking C static library esp-idf/esp_system/libesp_system.a
[750/983] Linking C static library esp-idf/esp_timer/libesp_timer.a
[751/983] Linking C static library esp-idf/spi_flash/libspi_flash.a
[752/983] Linking C static library esp-idf/esp_driver_gpio/libesp_driver_gpio.a
[753/983] Linking C static library esp-idf/esp_mm/libesp_mm.a
[754/983] Linking C static library esp-idf/bootloader_support/libbootloader_support.a
[755/983] Linking C static library esp-idf/efuse/libefuse.a
[756/983] Linking C static library esp-idf/esp_partition/libesp_partition.a
[757/983] Linking C static library esp-idf/app_update/libapp_update.a
[758/983] Linking C static library esp-idf/esp_bootloader_format/libesp_bootloader_format.a
[759/983] Linking C static library esp-idf/esp_app_format/libesp_app_format.a
[760/983] Linking CXX static library esp-idf/mbedtls/mbedtls/library/libmbedtls.a
[761/983] Linking CXX static library esp-idf/mbedtls/mbedtls/library/libmbedx509.a
[762/983] Linking CXX static library esp-idf/mbedtls/mbedtls/library/libmbedcrypto.a
[763/983] Linking CXX static library esp-idf/mbedtls/mbedtls/3rdparty/p256-m/libp256m.a
[764/983] Linking CXX static library esp-idf/mbedtls/mbedtls/3rdparty/everest/libeverest.a
[765/983] Generating x509_crt_bundle
[766/983] Generating ../../x509_crt_bundle.S
[767/983] Building C object esp-idf/xtensa/CMakeFiles/__idf_xtensa.dir/eri.c.obj
[768/983] Building ASM object esp-idf/xtensa/CMakeFiles/__idf_xtensa.dir/xtensa_context.S.obj
[769/983] Building ASM object esp-idf/xtensa/CMakeFiles/__idf_xtensa.dir/xtensa_vectors.S.obj
[770/983] Building ASM object esp-idf/xtensa/CMakeFiles/__idf_xtensa.dir/xtensa_intr_asm.S.obj
[771/983] Building C object esp-idf/xtensa/CMakeFiles/__idf_xtensa.dir/xt_trax.c.obj
[772/983] Building ASM object esp-idf/mbedtls/CMakeFiles/__idf_mbedtls.dir/__/__/x509_crt_bundle.S.obj
[773/983] Building ASM object esp-idf/esp-dsp/CMakeFiles/__idf_esp-dsp.dir/modules/dotprod/float/dsps_dotprod_f32_ae32.S.obj
[774/983] Building ASM object esp-idf/esp-dsp/CMakeFiles/__idf_esp-dsp.dir/modules/dotprod/float/dsps_dotprod_f32_m_ae32.S.obj
[775/983] Building ASM object esp-idf/esp-dsp/CMakeFiles/__idf_esp-dsp.dir/modules/dotprod/float/dsps_dotprode_f32_ae32.S.obj
[776/983] Building C object esp-idf/xtensa/CMakeFiles/__idf_xtensa.dir/xtensa_intr.c.obj
[777/983] Building ASM object esp-idf/esp-dsp/CMakeFiles/__idf_esp-dsp.dir/modules/dotprod/float/dsps_dotprode_f32_m_ae32.S.obj
[778/983] Building ASM object esp-idf/esp-dsp/CMakeFiles/__idf_esp-dsp.dir/modules/dotprod/float/dsps_dotprod_f32_aes3.S.obj
[779/983] Building C object esp-idf/esp-dsp/CMakeFiles/__idf_esp-dsp.dir/modules/dotprod/float/dsps_dotprode_f32_ansi.c.obj
[780/983] Building C object esp-idf/esp-dsp/CMakeFiles/__idf_esp-dsp.dir/modules/common/misc/aes3_tie_log.c.obj
[781/983] Building ASM object esp-idf/esp-dsp/CMakeFiles/__idf_esp-dsp.dir/modules/dotprod/float/dsps_dotprode_f32_arp4.S.obj
[782/983] Building ASM object esp-idf/esp-dsp/CMakeFiles/__idf_esp-dsp.dir/modules/dotprod/float/dsps_dotprod_f32_arp4.S.obj
[783/983] Building ASM object esp-idf/esp-dsp/CMakeFiles/__idf_esp-dsp.dir/modules/dotprod/fixed/dsps_dotprod_s16_ae32.S.obj
[784/983] Building ASM object esp-idf/esp-dsp/CMakeFiles/__idf_esp-dsp.dir/modules/dotprod/fixed/dsps_dotprod_s16_m_ae32.S.obj
[785/983] Building C object esp-idf/esp-dsp/CMakeFiles/__idf_esp-dsp.dir/modules/dotprod/float/dsps_dotprod_f32_ansi.c.obj
[786/983] Building CXX object esp-idf/esp-dsp/CMakeFiles/__idf_esp-dsp.dir/modules/common/misc/dsps_pwroftwo.cpp.obj
[787/983] Building ASM object esp-idf/esp-dsp/CMakeFiles/__idf_esp-dsp.dir/modules/dotprod/fixed/dsps_dotprod_s16_arp4.S.obj
[788/983] Building ASM object esp-idf/esp-dsp/CMakeFiles/__idf_esp-dsp.dir/modules/dotprod/fixed/dsps_dp_s8_aes3.S.obj
[789/983] Building C object esp-idf/mbedtls/CMakeFiles/__idf_mbedtls.dir/esp_crt_bundle/esp_crt_bundle.c.obj
[790/983] Building C object esp-idf/esp-dsp/CMakeFiles/__idf_esp-dsp.dir/modules/dotprod/fixed/dsps_dotprod_s16_ansi.c.obj
[791/983] Building C object esp-idf/esp-dsp/CMakeFiles/__idf_esp-dsp.dir/modules/dotprod/fixed/dsps_dp_s8_ansi.c.obj
[792/983] Linking C static library esp-idf/mbedtls/libmbedtls.a
[793/983] Building C object esp-idf/esp-dsp/CMakeFiles/__idf_esp-dsp.dir/modules/dotprod/float/dspi_dotprod_f32_ansi.c.obj
[794/983] Linking C static library esp-idf/xtensa/libxtensa.a
[795/983] Building C object esp-idf/esp-dsp/CMakeFiles/__idf_esp-dsp.dir/modules/dotprod/float/dspi_dotprod_off_f32_ansi.c.obj
[796/983] Building C object esp-idf/esp-dsp/CMakeFiles/__idf_esp-dsp.dir/modules/dotprod/fixed/dspi_dotprod_u16_ansi.c.obj
[797/983] Building C object esp-idf/esp-dsp/CMakeFiles/__idf_esp-dsp.dir/modules/dotprod/fixed/dspi_dotprod_s16_ansi.c.obj
[798/983] Building C object esp-idf/esp-dsp/CMakeFiles/__idf_esp-dsp.dir/modules/dotprod/fixed/dspi_dotprod_off_s8_ansi.c.obj
[799/983] Building ASM object esp-idf/esp-dsp/CMakeFiles/__idf_esp-dsp.dir/modules/dotprod/fixed/dspi_dotprod_s16_aes3.S.obj
[800/983] Building C object esp-idf/esp-dsp/CMakeFiles/__idf_esp-dsp.dir/modules/dotprod/fixed/dspi_dotprod_off_s16_ansi.c.obj
[801/983] Building ASM object esp-idf/esp-dsp/CMakeFiles/__idf_esp-dsp.dir/modules/dotprod/fixed/dspi_dotprod_u16_aes3.S.obj
[802/983] Building C object esp-idf/esp-dsp/CMakeFiles/__idf_esp-dsp.dir/modules/dotprod/fixed/dspi_dotprod_off_u8_ansi.c.obj
[803/983] Building C object esp-idf/esp-dsp/CMakeFiles/__idf_esp-dsp.dir/modules/dotprod/fixed/dspi_dotprod_off_u16_ansi.c.obj
[804/983] Building ASM object esp-idf/esp-dsp/CMakeFiles/__idf_esp-dsp.dir/modules/dotprod/fixed/dspi_dotprod_off_s16_aes3.S.obj
[805/983] Building C object esp-idf/esp_driver_spi/CMakeFiles/__idf_esp_driver_spi.dir/src/gpspi/spi_slave.c.obj
[806/983] Building C object esp-idf/esp-dsp/CMakeFiles/__idf_esp-dsp.dir/modules/dotprod/fixed/dspi_dotprod_s8_ansi.c.obj
[807/983] Building ASM object esp-idf/esp-dsp/CMakeFiles/__idf_esp-dsp.dir/modules/dotprod/fixed/dspi_dotprod_off_u16_aes3.S.obj
[808/983] Building ASM object esp-idf/esp-dsp/CMakeFiles/__idf_esp-dsp.dir/modules/dotprod/fixed/dspi_dotprod_s8_aes3.S.obj
[809/983] Building ASM object esp-idf/esp-dsp/CMakeFiles/__idf_esp-dsp.dir/modules/dotprod/fixed/dspi_dotprod_u8_aes3.S.obj
[810/983] Building C object esp-idf/esp-dsp/CMakeFiles/__idf_esp-dsp.dir/modules/dotprod/fixed/dspi_dotprod_u8_ansi.c.obj
[811/983] Building ASM object esp-idf/esp-dsp/CMakeFiles/__idf_esp-dsp.dir/modules/dotprod/fixed/dspi_dotprod_s16_arp4.S.obj
[812/983] Building ASM object esp-idf/esp-dsp/CMakeFiles/__idf_esp-dsp.dir/modules/dotprod/fixed/dspi_dotprod_off_u8_aes3.S.obj
[813/983] Building ASM object esp-idf/esp-dsp/CMakeFiles/__idf_esp-dsp.dir/modules/dotprod/fixed/dspi_dotprod_off_s8_aes3.S.obj
[814/983] Building ASM object esp-idf/esp-dsp/CMakeFiles/__idf_esp-dsp.dir/modules/dotprod/fixed/dspi_dotprod_u16_arp4.S.obj
[815/983] Building ASM object esp-idf/esp-dsp/CMakeFiles/__idf_esp-dsp.dir/modules/dotprod/fixed/dspi_dotprod_s8_arp4.S.obj
[816/983] Building ASM object esp-idf/esp-dsp/CMakeFiles/__idf_esp-dsp.dir/modules/dotprod/fixed/dspi_dotprod_u8_arp4.S.obj
[817/983] Building ASM object esp-idf/esp-dsp/CMakeFiles/__idf_esp-dsp.dir/modules/dotprod/fixed/dspi_dotprod_off_u16_arp4.S.obj
[818/983] Building ASM object esp-idf/esp-dsp/CMakeFiles/__idf_esp-dsp.dir/modules/dotprod/fixed/dspi_dotprod_off_s8_arp4.S.obj
[819/983] Building ASM object esp-idf/esp-dsp/CMakeFiles/__idf_esp-dsp.dir/modules/dotprod/fixed/dspi_dotprod_off_s16_arp4.S.obj
[820/983] Building ASM object esp-idf/esp-dsp/CMakeFiles/__idf_esp-dsp.dir/modules/dotprod/fixed/dspi_dotprod_off_u8_arp4.S.obj
[821/983] Building ASM object esp-idf/esp-dsp/CMakeFiles/__idf_esp-dsp.dir/modules/matrix/mul/float/dspm_mult_3x3x3_f32_ae32.S.obj
[822/983] Building ASM object esp-idf/esp-dsp/CMakeFiles/__idf_esp-dsp.dir/modules/matrix/mul/float/dspm_mult_4x4x1_f32_ae32.S.obj
[823/983] Building ASM object esp-idf/esp-dsp/CMakeFiles/__idf_esp-dsp.dir/modules/matrix/mul/float/dspm_mult_3x3x1_f32_ae32.S.obj
[824/983] Building ASM object esp-idf/esp-dsp/CMakeFiles/__idf_esp-dsp.dir/modules/matrix/mul/float/dspm_mult_4x4x4_f32_ae32.S.obj
[825/983] Building ASM object esp-idf/esp-dsp/CMakeFiles/__idf_esp-dsp.dir/modules/matrix/mul/float/dspm_mult_f32_ae32.S.obj
[826/983] Building ASM object esp-idf/esp-dsp/CMakeFiles/__idf_esp-dsp.dir/modules/matrix/mul/float/dspm_mult_f32_arp4.S.obj
[827/983] Building ASM object esp-idf/esp-dsp/CMakeFiles/__idf_esp-dsp.dir/modules/matrix/mul/float/dspm_mult_f32_aes3.S.obj
[828/983] Building C object esp-idf/esp_driver_spi/CMakeFiles/__idf_esp_driver_spi.dir/src/gpspi/spi_slave_hd.c.obj
[829/983] Building ASM object esp-idf/esp-dsp/CMakeFiles/__idf_esp-dsp.dir/modules/matrix/mul/float/dspm_mult_ex_f32_ae32.S.obj
[830/983] Building ASM object esp-idf/esp-dsp/CMakeFiles/__idf_esp-dsp.dir/modules/matrix/mul/float/dspm_mult_ex_f32_arp4.S.obj
[831/983] Building ASM object esp-idf/esp-dsp/CMakeFiles/__idf_esp-dsp.dir/modules/matrix/mul/fixed/dspm_mult_s16_ae32.S.obj
[832/983] Building ASM object esp-idf/esp-dsp/CMakeFiles/__idf_esp-dsp.dir/modules/matrix/mul/fixed/dspm_mult_s16_m_ae32_vector.S.obj
[833/983] Building ASM object esp-idf/esp-dsp/CMakeFiles/__idf_esp-dsp.dir/modules/matrix/mul/fixed/dspm_mult_s16_aes3.S.obj
[834/983] Building ASM object esp-idf/esp-dsp/CMakeFiles/__idf_esp-dsp.dir/modules/matrix/mul/fixed/dspm_mult_s16_arp4.S.obj
[835/983] Building C object esp-idf/esp-dsp/CMakeFiles/__idf_esp-dsp.dir/modules/matrix/mul/float/dspm_mult_f32_ansi.c.obj
[836/983] Building ASM object esp-idf/esp-dsp/CMakeFiles/__idf_esp-dsp.dir/modules/matrix/mul/float/dspm_mult_ex_f32_aes3.S.obj
[837/983] Building ASM object esp-idf/esp-dsp/CMakeFiles/__idf_esp-dsp.dir/modules/matrix/mul/fixed/dspm_mult_s16_m_ae32.S.obj
[838/983] Building C object esp-idf/esp-dsp/CMakeFiles/__idf_esp-dsp.dir/modules/matrix/mul/float/dspm_mult_ex_f32_ansi.c.obj
[839/983] Building ASM object esp-idf/esp-dsp/CMakeFiles/__idf_esp-dsp.dir/modules/matrix/add/float/dspm_add_f32_ae32.S.obj
[840/983] Building ASM object esp-idf/esp-dsp/CMakeFiles/__idf_esp-dsp.dir/modules/matrix/addc/float/dspm_addc_f32_ae32.S.obj
[841/983] Building ASM object esp-idf/esp-dsp/CMakeFiles/__idf_esp-dsp.dir/modules/matrix/mulc/float/dspm_mulc_f32_ae32.S.obj
[842/983] Building C object esp-idf/esp_driver_spi/CMakeFiles/__idf_esp_driver_spi.dir/src/gpspi/spi_common.c.obj
[843/983] Building ASM object esp-idf/esp-dsp/CMakeFiles/__idf_esp-dsp.dir/modules/matrix/sub/float/dspm_sub_f32_ae32.S.obj
[844/983] Building C object esp-idf/esp-dsp/CMakeFiles/__idf_esp-dsp.dir/modules/matrix/addc/float/dspm_addc_f32_ansi.c.obj
[845/983] Building C object esp-idf/esp-dsp/CMakeFiles/__idf_esp-dsp.dir/modules/matrix/add/float/dspm_add_f32_ansi.c.obj
[846/983] Building C object esp-idf/esp-dsp/CMakeFiles/__idf_esp-dsp.dir/modules/matrix/mulc/float/dspm_mulc_f32_ansi.c.obj
[847/983] Building C object esp-idf/esp-dsp/CMakeFiles/__idf_esp-dsp.dir/modules/matrix/mul/fixed/dspm_mult_s16_ansi.c.obj
[848/983] Building C object esp-idf/esp-dsp/CMakeFiles/__idf_esp-dsp.dir/modules/math/mulc/float/dsps_mulc_f32_ansi.c.obj
[849/983] Building ASM object esp-idf/esp-dsp/CMakeFiles/__idf_esp-dsp.dir/modules/math/mulc/fixed/dsps_mulc_s16_ae32.S.obj
[850/983] Building C object esp-idf/esp-dsp/CMakeFiles/__idf_esp-dsp.dir/modules/math/addc/float/dsps_addc_f32_ansi.c.obj
[851/983] Building C object esp-idf/esp-dsp/CMakeFiles/__idf_esp-dsp.dir/modules/math/mulc/fixed/dsps_mulc_s16_ansi.c.obj
[852/983] Building ASM object esp-idf/esp-dsp/CMakeFiles/__idf_esp-dsp.dir/modules/math/add/fixed/dsps_add_s16_ae32.S.obj
[853/983] Building C object esp-idf/esp-dsp/CMakeFiles/__idf_esp-dsp.dir/modules/matrix/sub/float/dspm_sub_f32_ansi.c.obj
[854/983] Building ASM object esp-idf/esp-dsp/CMakeFiles/__idf_esp-dsp.dir/modules/math/add/fixed/dsps_add_s16_aes3.S.obj
[855/983] Building ASM object esp-idf/esp-dsp/CMakeFiles/__idf_esp-dsp.dir/modules/math/add/fixed/dsps_add_s8_aes3.S.obj
[856/983] Building ASM object esp-idf/esp-dsp/CMakeFiles/__idf_esp-dsp.dir/modules/math/sub/fixed/dsps_sub_s16_ae32.S.obj
[857/983] Building ASM object esp-idf/esp-dsp/CMakeFiles/__idf_esp-dsp.dir/modules/math/sub/fixed/dsps_sub_s16_aes3.S.obj
[858/983] Building ASM object esp-idf/esp-dsp/CMakeFiles/__idf_esp-dsp.dir/modules/math/sub/fixed/dsps_sub_s8_aes3.S.obj
[859/983] Building ASM object esp-idf/esp-dsp/CMakeFiles/__idf_esp-dsp.dir/modules/math/mul/fixed/dsps_mul_s16_ae32.S.obj
[860/983] Building C object esp-idf/esp-dsp/CMakeFiles/__idf_esp-dsp.dir/modules/math/add/fixed/dsps_add_s8_ansi.c.obj
[861/983] Building C object esp-idf/esp-dsp/CMakeFiles/__idf_esp-dsp.dir/modules/math/sub/fixed/dsps_sub_s16_ansi.c.obj
[862/983] Building C object esp-idf/esp-dsp/CMakeFiles/__idf_esp-dsp.dir/modules/math/sub/float/dsps_sub_f32_ansi.c.obj
[863/983] Building C object esp-idf/esp-dsp/CMakeFiles/__idf_esp-dsp.dir/modules/math/add/float/dsps_add_f32_ansi.c.obj
[864/983] Building C object esp-idf/esp-dsp/CMakeFiles/__idf_esp-dsp.dir/modules/math/add/fixed/dsps_add_s16_ansi.c.obj
[865/983] Building C object esp-idf/esp-dsp/CMakeFiles/__idf_esp-dsp.dir/modules/math/sub/fixed/dsps_sub_s8_ansi.c.obj
[866/983] Building C object esp-idf/esp-dsp/CMakeFiles/__idf_esp-dsp.dir/modules/math/mul/fixed/dsps_mul_s16_ansi.c.obj
[867/983] Building ASM object esp-idf/esp-dsp/CMakeFiles/__idf_esp-dsp.dir/modules/math/mul/fixed/dsps_mul_s16_aes3.S.obj
[868/983] Building ASM object esp-idf/esp-dsp/CMakeFiles/__idf_esp-dsp.dir/modules/math/mul/fixed/dsps_mul_s8_aes3.S.obj
[869/983] Building C object esp-idf/esp-dsp/CMakeFiles/__idf_esp-dsp.dir/modules/math/mul/float/dsps_mul_f32_ansi.c.obj
[870/983] Building ASM object esp-idf/esp-dsp/CMakeFiles/__idf_esp-dsp.dir/modules/math/mulc/float/dsps_mulc_f32_ae32.S.obj
[871/983] Building ASM object esp-idf/esp-dsp/CMakeFiles/__idf_esp-dsp.dir/modules/math/addc/float/dsps_addc_f32_ae32.S.obj
[872/983] Building ASM object esp-idf/esp-dsp/CMakeFiles/__idf_esp-dsp.dir/modules/math/sub/float/dsps_sub_f32_ae32.S.obj
[873/983] Building ASM object esp-idf/esp-dsp/CMakeFiles/__idf_esp-dsp.dir/modules/math/add/float/dsps_add_f32_ae32.S.obj
[874/983] Building ASM object esp-idf/esp-dsp/CMakeFiles/__idf_esp-dsp.dir/modules/math/mul/float/dsps_mul_f32_ae32.S.obj
[875/983] Building ASM object esp-idf/esp-dsp/CMakeFiles/__idf_esp-dsp.dir/modules/fft/float/dsps_fft2r_fc32_aes3_.S.obj
[876/983] Building ASM object esp-idf/esp-dsp/CMakeFiles/__idf_esp-dsp.dir/modules/fft/float/dsps_fft2r_fc32_ae32_.S.obj
[877/983] Building C object esp-idf/esp-dsp/CMakeFiles/__idf_esp-dsp.dir/modules/math/mul/fixed/dsps_mul_s8_ansi.c.obj
[878/983] Building C object esp-idf/esp-dsp/CMakeFiles/__idf_esp-dsp.dir/modules/matrix/mul/fixed/dspm_mult_mxn_1xm_int8_ansi.c.obj
[879/983] Building ASM object esp-idf/esp-dsp/CMakeFiles/__idf_esp-dsp.dir/modules/fft/float/dsps_bit_rev_lookup_fc32_aes3.S.obj
[880/983] Building ASM object esp-idf/esp-dsp/CMakeFiles/__idf_esp-dsp.dir/modules/fft/float/dsps_fft2r_fc32_arp4.S.obj
[881/983] Building ASM object esp-idf/esp-dsp/CMakeFiles/__idf_esp-dsp.dir/modules/fft/float/dsps_fft4r_fc32_aes3_.S.obj
[882/983] Building ASM object esp-idf/esp-dsp/CMakeFiles/__idf_esp-dsp.dir/modules/fft/float/dsps_fft4r_fc32_arp4.S.obj
[883/983] Building ASM object esp-idf/esp-dsp/CMakeFiles/__idf_esp-dsp.dir/modules/fft/float/dsps_fft4r_fc32_ae32_.S.obj
[884/983] Building C object esp-idf/esp-dsp/CMakeFiles/__idf_esp-dsp.dir/modules/math/sqrt/float/dsps_sqrt_f32_ansi.c.obj
[885/983] Building ASM object esp-idf/esp-dsp/CMakeFiles/__idf_esp-dsp.dir/modules/fft/fixed/dsps_fft2r_sc16_ae32.S.obj
[886/983] Building C object esp-idf/esp-dsp/CMakeFiles/__idf_esp-dsp.dir/modules/fft/float/dsps_fft2r_fc32_ae32.c.obj
[887/983] Building ASM object esp-idf/esp-dsp/CMakeFiles/__idf_esp-dsp.dir/modules/fft/fixed/dsps_fft2r_sc16_aes3.S.obj
[888/983] Building C object esp-idf/esp-dsp/CMakeFiles/__idf_esp-dsp.dir/modules/fft/float/dsps_fft4r_bitrev_tables_fc32.c.obj
[889/983] Building ASM object esp-idf/esp-dsp/CMakeFiles/__idf_esp-dsp.dir/modules/fft/fixed/dsps_fft2r_sc16_arp4.S.obj
[890/983] Building C object esp-idf/esp-dsp/CMakeFiles/__idf_esp-dsp.dir/modules/fft/float/dsps_fft2r_bitrev_tables_fc32.c.obj
[891/983] Building C object esp-idf/esp-dsp/CMakeFiles/__idf_esp-dsp.dir/modules/fft/float/dsps_fft4r_fc32_ae32.c.obj
[892/983] Building C object esp-idf/esp-dsp/CMakeFiles/__idf_esp-dsp.dir/modules/fft/float/dsps_fft4r_fc32_ansi.c.obj
[893/983] Building C object esp-idf/esp-dsp/CMakeFiles/__idf_esp-dsp.dir/modules/support/misc/dsps_d_gen.c.obj
[894/983] Building C object esp-idf/esp-dsp/CMakeFiles/__idf_esp-dsp.dir/modules/dct/float/dsps_dstiv_f32.c.obj
[895/983] Building C object esp-idf/esp-dsp/CMakeFiles/__idf_esp-dsp.dir/modules/dct/float/dsps_dctiv_f32.c.obj
[896/983] Building C object esp-idf/esp-dsp/CMakeFiles/__idf_esp-dsp.dir/modules/fft/float/dsps_fft2r_fc32_ansi.c.obj
[897/983] Building ASM object esp-idf/esp-dsp/CMakeFiles/__idf_esp-dsp.dir/modules/support/cplx_gen/dsps_cplx_gen.S.obj
[898/983] Building C object esp-idf/esp-dsp/CMakeFiles/__idf_esp-dsp.dir/modules/dct/float/dsps_dct_f32.c.obj
[899/983] Building ASM object esp-idf/esp-dsp/CMakeFiles/__idf_esp-dsp.dir/modules/support/mem/esp32s3/dsps_memcpy_aes3.S.obj
[900/983] Building C object esp-idf/esp-dsp/CMakeFiles/__idf_esp-dsp.dir/modules/support/misc/dsps_h_gen.c.obj
[901/983] Building C object esp-idf/esp-dsp/CMakeFiles/__idf_esp-dsp.dir/modules/support/cplx_gen/dsps_cplx_gen.c.obj
[902/983] Building C object esp-idf/esp_driver_spi/CMakeFiles/__idf_esp_driver_spi.dir/src/gpspi/spi_master.c.obj
[903/983] Building C object esp-idf/esp-dsp/CMakeFiles/__idf_esp-dsp.dir/modules/fft/fixed/dsps_fft2r_sc16_ansi.c.obj
[904/983] Building ASM object esp-idf/esp-dsp/CMakeFiles/__idf_esp-dsp.dir/modules/support/mem/esp32s3/dsps_memset_aes3.S.obj
[905/983] Linking C static library esp-idf/esp_driver_spi/libesp_driver_spi.a
[906/983] Building C object esp-idf/esp-dsp/CMakeFiles/__idf_esp-dsp.dir/modules/support/misc/dsps_tone_gen.c.obj
[907/983] Building C object esp-idf/esp-dsp/CMakeFiles/__idf_esp-dsp.dir/modules/windows/blackman/float/dsps_wind_blackman_f32.c.obj
[908/983] Building C object esp-idf/esp-dsp/CMakeFiles/__idf_esp-dsp.dir/modules/windows/hann/float/dsps_wind_hann_f32.c.obj
[909/983] Building C object esp-idf/esp-dsp/CMakeFiles/__idf_esp-dsp.dir/modules/windows/blackman_nuttall/float/dsps_wind_blackman_nuttall_f32.c.obj
[910/983] Building C object esp-idf/esp-dsp/CMakeFiles/__idf_esp-dsp.dir/modules/windows/nuttall/float/dsps_wind_nuttall_f32.c.obj
[911/983] Building C object esp-idf/esp-dsp/CMakeFiles/__idf_esp-dsp.dir/modules/windows/blackman_harris/float/dsps_wind_blackman_harris_f32.c.obj
[912/983] Building C object esp-idf/esp-dsp/CMakeFiles/__idf_esp-dsp.dir/modules/windows/flat_top/float/dsps_wind_flat_top_f32.c.obj
[913/983] Building ASM object esp-idf/esp-dsp/CMakeFiles/__idf_esp-dsp.dir/modules/conv/float/dsps_conv_f32_ae32.S.obj
[914/983] Building ASM object esp-idf/esp-dsp/CMakeFiles/__idf_esp-dsp.dir/modules/conv/float/dsps_corr_f32_ae32.S.obj
[915/983] Building C object esp-idf/esp-dsp/CMakeFiles/__idf_esp-dsp.dir/modules/conv/float/dsps_conv_f32_ansi.c.obj
[916/983] Building ASM object esp-idf/esp-dsp/CMakeFiles/__idf_esp-dsp.dir/modules/conv/float/dsps_ccorr_f32_ae32.S.obj
[917/983] Building C object esp-idf/esp-dsp/CMakeFiles/__idf_esp-dsp.dir/modules/conv/float/dsps_corr_f32_ansi.c.obj
[918/983] Building C object esp-idf/esp-dsp/CMakeFiles/__idf_esp-dsp.dir/modules/support/cplx_gen/dsps_cplx_gen_init.c.obj
[919/983] Building ASM object esp-idf/esp-dsp/CMakeFiles/__idf_esp-dsp.dir/modules/iir/biquad/dsps_biquad_sf32_ae32.S.obj
[920/983] Building ASM object esp-idf/esp-dsp/CMakeFiles/__idf_esp-dsp.dir/modules/iir/biquad/dsps_biquad_f32_ae32.S.obj
[921/983] Building ASM object esp-idf/esp-dsp/CMakeFiles/__idf_esp-dsp.dir/modules/iir/biquad/dsps_biquad_f32_arp4.S.obj
[922/983] Building ASM object esp-idf/esp-dsp/CMakeFiles/__idf_esp-dsp.dir/modules/iir/biquad/dsps_biquad_f32_aes3.S.obj
[923/983] Building ASM object esp-idf/esp-dsp/CMakeFiles/__idf_esp-dsp.dir/modules/iir/biquad/dsps_biquad_sf32_arp4.S.obj
[924/983] Building C object esp-idf/esp-dsp/CMakeFiles/__idf_esp-dsp.dir/modules/iir/biquad/dsps_biquad_f32_ansi.c.obj
[925/983] Building ASM object esp-idf/esp-dsp/CMakeFiles/__idf_esp-dsp.dir/modules/fir/float/dsps_fir_f32_ae32.S.obj
[926/983] Building ASM object esp-idf/esp-dsp/CMakeFiles/__idf_esp-dsp.dir/modules/fir/float/dsps_fir_f32_aes3.S.obj
[927/983] Building C object esp-idf/esp-dsp/CMakeFiles/__idf_esp-dsp.dir/modules/iir/biquad/dsps_biquad_sf32_ansi.c.obj
[928/983] Building ASM object esp-idf/esp-dsp/CMakeFiles/__idf_esp-dsp.dir/modules/fir/float/dsps_fird_f32_ae32.S.obj
[929/983] Building C object esp-idf/esp-dsp/CMakeFiles/__idf_esp-dsp.dir/modules/conv/float/dsps_ccorr_f32_ansi.c.obj
[930/983] Building ASM object esp-idf/esp-dsp/CMakeFiles/__idf_esp-dsp.dir/modules/fir/float/dsps_fird_f32_aes3.S.obj
[931/983] Building ASM object esp-idf/esp-dsp/CMakeFiles/__idf_esp-dsp.dir/modules/fir/float/dsps_fird_f32_arp4.S.obj
[932/983] Building CXX object esp-idf/esp-dsp/CMakeFiles/__idf_esp-dsp.dir/modules/support/sfdr/float/dsps_sfdr_f32.cpp.obj
[933/983] Building C object esp-idf/esp-dsp/CMakeFiles/__idf_esp-dsp.dir/modules/fir/float/dsps_fir_init_f32.c.obj
[934/983] Building C object esp-idf/esp-dsp/CMakeFiles/__idf_esp-dsp.dir/modules/fir/float/dsps_fird_init_f32.c.obj
[935/983] Building C object esp-idf/esp-dsp/CMakeFiles/__idf_esp-dsp.dir/modules/fir/float/dsps_fir_f32_ansi.c.obj
[936/983] Building CXX object esp-idf/esp-dsp/CMakeFiles/__idf_esp-dsp.dir/modules/support/snr/float/dsps_snr_f32.cpp.obj
[937/983] Building ASM object esp-idf/esp-dsp/CMakeFiles/__idf_esp-dsp.dir/modules/fir/fixed/dsps_fird_s16_ae32.S.obj
[938/983] Building ASM object esp-idf/esp-dsp/CMakeFiles/__idf_esp-dsp.dir/modules/fir/fixed/dsps_fir_s16_m_ae32.S.obj
[939/983] Building ASM object esp-idf/esp-dsp/CMakeFiles/__idf_esp-dsp.dir/modules/fir/fixed/dsps_fird_s16_aes3.S.obj
[940/983] Building ASM object esp-idf/esp-dsp/CMakeFiles/__idf_esp-dsp.dir/modules/fir/fixed/dsps_fird_s16_arp4.S.obj
[941/983] Building C object esp-idf/esp-dsp/CMakeFiles/__idf_esp-dsp.dir/modules/conv/float/dspi_conv_f32_ansi.c.obj
[942/983] Building C object esp-idf/esp-dsp/CMakeFiles/__idf_esp-dsp.dir/modules/fir/float/dsps_firmr_init_f32.c.obj
[943/983] Building C object esp-idf/esp-dsp/CMakeFiles/__idf_esp-dsp.dir/modules/fir/float/dsps_fird_f32_ansi.c.obj
[944/983] Building C object esp-idf/esp-dsp/CMakeFiles/__idf_esp-dsp.dir/modules/fir/fixed/dsps_fird_s16_ansi.c.obj
[945/983] Building CXX object esp-idf/esp-dsp/CMakeFiles/__idf_esp-dsp.dir/modules/support/view/dsps_view.cpp.obj
[946/983] Building C object esp-idf/esp-dsp/CMakeFiles/__idf_esp-dsp.dir/modules/fir/fixed/dsps_firmr_init_s16.c.obj
[947/983] Building C object esp-idf/esp-dsp/CMakeFiles/__idf_esp-dsp.dir/modules/iir/biquad/dsps_biquad_gen_f32.c.obj
[948/983] Building C object esp-idf/esp-dsp/CMakeFiles/__idf_esp-dsp.dir/modules/fir/fixed/dsps_fird_init_s16.c.obj
[949/983] Building C object esp-idf/esp-dsp/CMakeFiles/__idf_esp-dsp.dir/modules/fir/resampler/dsps_resampler_ph.c.obj
[950/983] Building C object esp-idf/esp-dsp/CMakeFiles/__idf_esp-dsp.dir/modules/fir/resampler/dsps_resampler_mr.c.obj
[951/983] Building C object esp-idf/esp-dsp/CMakeFiles/__idf_esp-dsp.dir/modules/fir/fixed/dsps_firmr_s16_ansi.c.obj
[952/983] Building C object esp-idf/main/CMakeFiles/__idf_main.dir/common/burst_version.c.obj
[953/983] Building C object esp-idf/main/CMakeFiles/__idf_main.dir/common/rx_recalibration.c.obj
[954/983] Building C object esp-idf/esp-dsp/CMakeFiles/__idf_esp-dsp.dir/modules/fir/float/dsps_firmr_f32_ansi.c.obj
[955/983] Building ASM object esp-idf/main/CMakeFiles/__idf_main.dir/targets/esp32s3/s3_fft_rnd.S.obj
[956/983] Building ASM object esp-idf/main/CMakeFiles/__idf_main.dir/targets/esp32s3/s3_unpack.S.obj
[957/983] Building C object esp-idf/main/CMakeFiles/__idf_main.dir/targets/esp32s3/receiver.c.obj
In file included from /workspace/scratch/5bc736d51023/tangviterbi/build/esp-sdr/main/targets/esp32s3/receiver.c:101:
/workspace/scratch/5bc736d51023/tangviterbi/build/esp-sdr/main/common/burst_limits.h:4:13: warning: 'limits_command' defined but not used [-Wunused-function]
    4 | static bool limits_command(const char *line) {
      |             ^~~~~~~~~~~~~~
In file included from /workspace/scratch/5bc736d51023/tangviterbi/build/esp-sdr/main/targets/esp32s3/receiver.c:100:
/workspace/scratch/5bc736d51023/tangviterbi/build/esp-sdr/main/common/burst_gain.h:71:13: warning: 'gain_command' defined but not used [-Wunused-function]
   71 | static bool gain_command(const char *line) {
      |             ^~~~~~~~~~~~
/workspace/scratch/5bc736d51023/tangviterbi/build/esp-sdr/main/targets/esp32s3/receiver.c:91:13: warning: 'rx_filter_restore' defined but not used [-Wunused-function]
   91 | static void rx_filter_restore(void) {
      |             ^~~~~~~~~~~~~~~~~
/workspace/scratch/5bc736d51023/tangviterbi/build/esp-sdr/main/targets/esp32s3/receiver.c:85:13: warning: 'rx_filter_apply' defined but not used [-Wunused-function]
   85 | static void rx_filter_apply(void) {
      |             ^~~~~~~~~~~~~~~
[958/983] Building ASM object esp-idf/main/CMakeFiles/__idf_main.dir/targets/esp32s3/s3_core1.S.obj
[959/983] Building ASM object esp-idf/main/CMakeFiles/__idf_main.dir/targets/esp32s3/s3_firdot.S.obj
[960/983] Building C object esp-idf/main/CMakeFiles/__idf_main.dir/common/rx_calibration_state.c.obj
[961/983] Building C object esp-idf/main/CMakeFiles/__idf_main.dir/common/spectrum_stats.c.obj
[962/983] Building C object esp-idf/main/CMakeFiles/__idf_main.dir/common/burst_gpio.c.obj
[963/983] Building C object esp-idf/main/CMakeFiles/__idf_main.dir/s3_probe/memory_probe.c.obj
[964/983] Building C object esp-idf/main/CMakeFiles/__idf_main.dir/common/burst_serial.c.obj
[965/983] Building C object esp-idf/main/CMakeFiles/__idf_main.dir/s3_probe/s3_spi_transport.c.obj
[966/983] Building C object esp-idf/main/CMakeFiles/__idf_main.dir/s3_probe/s3_rs_workspace.c.obj
[967/983] Building C object esp-idf/main/CMakeFiles/__idf_main.dir/s3_probe/s3_capture_bridge.c.obj
[968/983] Building C object esp-idf/main/CMakeFiles/__idf_main.dir/s3_probe/s3_fft_tiles.c.obj
[969/983] Building C object esp-idf/main/CMakeFiles/__idf_main.dir/s3_probe/s3_rs_rpc.c.obj
[970/983] Building C object esp-idf/main/CMakeFiles/__idf_main.dir/s3_probe/s3_native_capture.c.obj
[971/983] Building C object esp-idf/main/CMakeFiles/__idf_main.dir/s3_probe/s3_transport.c.obj
[972/983] Building C object esp-idf/main/CMakeFiles/__idf_main.dir/s3_probe/s3_rs_offload.c.obj
[973/983] Building C object esp-idf/main/CMakeFiles/__idf_main.dir/common/ring_capture.c.obj
[974/983] Building CXX object esp-idf/esp-dsp/CMakeFiles/__idf_esp-dsp.dir/modules/kalman/ekf_imu13states/ekf_imu13states.cpp.obj
[975/983] Building CXX object esp-idf/esp-dsp/CMakeFiles/__idf_esp-dsp.dir/modules/kalman/ekf/common/ekf.cpp.obj
[976/983] Building CXX object esp-idf/esp-dsp/CMakeFiles/__idf_esp-dsp.dir/modules/matrix/mat/mat.cpp.obj
[977/983] Linking C static library esp-idf/esp-dsp/libesp-dsp.a
[978/983] Linking C static library esp-idf/main/libmain.a
[979/983] Generating esp-idf/esp_system/ld/sections.ld
[980/983] Building C object CMakeFiles/esp_sdr.elf.dir/project_elf_src_esp32s3.c.obj
[981/983] Linking CXX executable esp_sdr.elf
[982/983] Generating binary image from built executable
esptool.py v4.12.0
Creating esp32s3 image...
Merged 2 ELF sections
Successfully created esp32s3 image.
Generated /workspace/scratch/5bc736d51023/tangviterbi/build/s3-rf-coexist/native-direct-phy-rs/idf/esp_sdr.bin
[983/983] cd /workspace/scratch/5bc736d51023/tangviterbi/build/s3-rf-coexist/native-direct-phy-rs/idf/esp-idf/esptool_py && /workspace/scratch/5bc736d51023/tooling/idf-venv/bin/python /workspace/scratch/5bc736d51023/tooling/esp-idf-5.5.1/components/partition_table/check_sizes.py --offset 0x8000 partition --type app /workspace/scratch/5bc736d51023/tangviterbi/build/s3-rf-coexist/native-direct-phy-rs/idf/partition_table/partition-table.bin /workspace/scratch/5bc736d51023/tangviterbi/build/s3-rf-coexist/native-direct-phy-rs/idf/esp_sdr.bin
esp_sdr.bin binary size 0x58980 bytes. Smallest app partition is 0x100000 bytes. 0xa7680 bytes (65%) free.

Project build complete. To flash, run:
 idf.py flash
or
 idf.py -p PORT flash
or
 python -m esptool --chip esp32s3 -b 460800 --before default_reset --after hard_reset write_flash --flash_mode dio --flash_size 16MB --flash_freq 80m 0x0 ../s3-rf-coexist/native-direct-phy-rs/idf/bootloader/bootloader.bin 0x8000 ../s3-rf-coexist/native-direct-phy-rs/idf/partition_table/partition-table.bin 0x10000 ../s3-rf-coexist/native-direct-phy-rs/idf/esp_sdr.bin
or from the "/workspace/scratch/5bc736d51023/tangviterbi/build/s3-rf-coexist/native-direct-phy-rs/idf" directory
 python -m esptool --chip esp32s3 -b 460800 --before default_reset --after hard_reset write_flash "@flash_args"
